dataset,mean_fit_time,std_fit_time,mean_score_time,std_score_time,param_model__alpha,param_model__eta,param_model__max_depth,param_model__min_child_weight,params,split0_test_score,split1_test_score,split2_test_score,split3_test_score,split4_test_score,mean_test_score,std_test_score,rank_test_score
0,2.2378417015075684,0.0705419061024171,0.02546219825744629,0.003536819896658102,0.011233621690895234,0.09798219139516953,16,0,"OrderedDict([('model__alpha', 0.011233621690895234), ('model__eta', 0.09798219139516953), ('model__max_depth', 16), ('model__min_child_weight', 0)])",0.9340728480026328,0.9312657897029357,0.9040663627300094,0.9031468091490742,0.920492493538926,0.9186088606247157,0.013064762631780894,28
0,1.2840651035308839,0.015802705218901102,0.024417877197265625,0.0030247636779003775,1.537948446580078,0.09798219139516953,16,0,"OrderedDict([('model__alpha', 1.537948446580078), ('model__eta', 0.09798219139516953), ('model__max_depth', 16), ('model__min_child_weight', 0)])",0.9361636224603381,0.9309947633843444,0.9093804144766772,0.9032339247514786,0.9250128253525761,0.9209571100850829,0.012621984854094156,20
0,2.283931350708008,0.051807333197174434,0.024399185180664064,0.00360048104874867,0.016755699440936588,0.09798219139516953,16,0,"OrderedDict([('model__alpha', 0.016755699440936588), ('model__eta', 0.09798219139516953), ('model__max_depth', 16), ('model__min_child_weight', 0)])",0.9317594447832274,0.9301913639399484,0.9054311738343449,0.9020046268064388,0.9215572397905354,0.918188769830899,0.01236329094476701,40
0,1.3725116729736329,0.015493713564844358,0.023568344116210938,0.002678351028409031,1.1533999859559563,0.09798219139516953,16,0,"OrderedDict([('model__alpha', 1.1533999859559563), ('model__eta', 0.09798219139516953), ('model__max_depth', 16), ('model__min_child_weight', 0)])",0.9384770256797437,0.9311302765436401,0.9079865648382068,0.9023530892160563,0.9217314709953441,0.9203356854545983,0.013590100711153422,21
0,1.418553400039673,0.027941305892482993,0.022364377975463867,0.002158879593944402,0.9948719998234101,0.09798219139516953,16,0,"OrderedDict([('model__alpha', 0.9948719998234101), ('model__eta', 0.09798219139516953), ('model__max_depth', 16), ('model__min_child_weight', 0)])",0.934769772821868,0.9325434852048669,0.9060990601194453,0.902701551625674,0.9232317952589753,0.9198691330061658,0.013253803422126658,22
0,1.7062697410583496,0.05780469885055834,0.02177743911743164,0.0024540955653489832,0.4678860424711244,0.09798219139516953,16,0,"OrderedDict([('model__alpha', 0.4678860424711244), ('model__eta', 0.09798219139516953), ('model__max_depth', 16), ('model__min_child_weight', 0)])",0.9312948282370707,0.9310044428957227,0.9081027189747461,0.8999912884397596,0.9223606392349314,0.9185507835564461,0.012535040634485996,31
0,1.998239517211914,0.0604712742605915,0.024748849868774413,0.002316638672585394,0.12172976749510152,0.09798219139516953,16,0,"OrderedDict([('model__alpha', 0.12172976749510152), ('model__eta', 0.09798219139516953), ('model__max_depth', 16), ('model__min_child_weight', 0)])",0.9330564993079149,0.9285555265170216,0.9022078965453824,0.9022562941022737,0.9206764042551132,0.9173505241455411,0.012964768904113935,49
0,2.0652684211730956,0.04916515140662897,0.023471546173095704,0.002812744746194623,0.05212131190318165,0.09798219139516953,16,0,"OrderedDict([('model__alpha', 0.05212131190318165), ('model__eta', 0.09798219139516953), ('model__max_depth', 16), ('model__min_child_weight', 0)])",0.9327661139665671,0.9297364269051699,0.9059248289146363,0.9018594341357649,0.9220508948708268,0.9184675397585929,0.012469372425729557,33
0,0.564749002456665,0.007498163369656156,0.019345903396606447,0.001719814572162683,5.9894912052679325,0.09798219139516953,16,0,"OrderedDict([('model__alpha', 5.9894912052679325), ('model__eta', 0.09798219139516953), ('model__max_depth', 16), ('model__min_child_weight', 0)])",0.9417680595483541,0.931527136510149,0.911703497207461,0.8983844895509675,0.9229607689403839,0.9212687903514631,0.01512284729223734,18
0,2.0889609813690186,0.03688259765678888,0.022467327117919923,0.0015514375083652214,0.00010426811836320536,0.09798219139516953,16,0,"OrderedDict([('model__alpha', 0.00010426811836320536), ('model__eta', 0.09798219139516953), ('model__max_depth', 16), ('model__min_child_weight', 0)])",0.933424320740289,0.9316916882035795,0.9040663627300093,0.9020723833860866,0.9235125010889449,0.9189534512297819,0.013409321658850512,25
0,2.10886549949646,0.0424616627552058,0.023822593688964843,0.0033149831362041934,0.001042244501261548,0.09798219139516953,16,0,"OrderedDict([('model__alpha', 0.001042244501261548), ('model__eta', 0.09798219139516953), ('model__max_depth', 16), ('model__min_child_weight', 0)])",0.9330661788192932,0.9292040537793653,0.9045696973216792,0.903108091103561,0.9191664004801037,0.9178228843008005,0.012295252629714027,45
0,0.8582613945007325,0.04682290899912259,0.020437145233154298,0.002903905817454727,3.2514678050164862,0.09798219139516953,16,0,"OrderedDict([('model__alpha', 3.2514678050164862), ('model__eta', 0.09798219139516953), ('model__max_depth', 16), ('model__min_child_weight', 0)])",0.9422907531627804,0.9348278498901376,0.9100386212503994,0.9001655196445684,0.9238028864302931,0.9222251260756357,0.015486022739430505,5
0,2.073161172866821,0.049040145485974136,0.023708534240722657,0.0018778403454589748,0.00031868928779543206,0.09798219139516953,16,0,"OrderedDict([('model__alpha', 0.00031868928779543206), ('model__eta', 0.09798219139516953), ('model__max_depth', 16), ('model__min_child_weight', 0)])",0.9331436149103194,0.9316916882035795,0.9051214294702403,0.9003978279176468,0.921615316858805,0.9183939754721182,0.013451987748650841,36
0,2.0699488162994384,0.05260295525689908,0.02310771942138672,0.0034792519148205145,0.0033413536749164166,0.09798219139516953,16,0,"OrderedDict([('model__alpha', 0.0033413536749164166), ('model__eta', 0.09798219139516953), ('model__max_depth', 16), ('model__min_child_weight', 0)])",0.9320885481700883,0.9270552022533903,0.903069373058048,0.9031855271945872,0.9214120471198614,0.9173621395591951,0.012103584912010135,48
0,0.4106878757476807,0.018157258112513126,0.0177976131439209,0.0012373106585849354,9.97754493335498,0.09798219139516953,16,0,"OrderedDict([('model__alpha', 9.97754493335498), ('model__eta', 0.09798219139516953), ('model__max_depth', 16), ('model__min_child_weight', 0)])",0.9390868348965744,0.9248385941477675,0.9090513110898162,0.8964582667866926,0.9177435123074986,0.91743570384567,0.014380680888645513,47
0,1.8990965843200684,0.05020967329796067,0.022779178619384766,0.0026851039243133874,0.24029906745816537,0.09798219139516953,16,0,"OrderedDict([('model__alpha', 0.24029906745816537), ('model__eta', 0.09798219139516953), ('model__max_depth', 16), ('model__min_child_weight', 0)])",0.9313432257939619,0.927771486095382,0.902846744296348,0.9013367405213385,0.921402367608483,0.9169401128631026,0.012544068650982494,50
0,0.6962659358978271,0.027037444714469665,0.018405914306640625,0.0016412562993360358,4.21581261989127,0.09798219139516953,16,0,"OrderedDict([('model__alpha', 4.21581261989127), ('model__eta', 0.09798219139516953), ('model__max_depth', 16), ('model__min_child_weight', 0)])",0.9419229317304063,0.9333759231833977,0.9115679840481653,0.900775328861399,0.9216733939270745,0.9218631123500887,0.014735409320093365,13
0,2.156682014465332,0.05090789563818317,0.022481775283813475,0.0013894824891740308,0.0005732553800552696,0.09798219139516953,16,0,"OrderedDict([('model__alpha', 0.0005732553800552696), ('model__eta', 0.09798219139516953), ('model__max_depth', 16), ('model__min_child_weight', 0)])",0.9312367511688009,0.9291653357338521,0.9054989304139928,0.9039889266389832,0.9210829437330003,0.9181945775377258,0.011504594395686298,39
0,2.074839735031128,0.042280258016129044,0.02228269577026367,0.0025863055829719464,0.006093147386858614,0.09798219139516953,16,0,"OrderedDict([('model__alpha', 0.006093147386858614), ('model__eta', 0.09798219139516953), ('model__max_depth', 16), ('model__min_child_weight', 0)])",0.9334533592744239,0.9329887427282672,0.9023240506819217,0.9005236615655641,0.9201537106406867,0.9178887049781727,0.014277276001751143,44
0,0.9453014373779297,0.03480563996499424,0.01957526206970215,0.001118776357227512,2.7772844369963776,0.09798219139516953,16,0,"OrderedDict([('model__alpha', 2.7772844369963776), ('model__eta', 0.09798219139516953), ('model__max_depth', 16), ('model__min_child_weight', 0)])",0.9388738856462526,0.9351279147428638,0.9043954661168704,0.904085721752766,0.9225639089738751,0.9210093794465257,0.01471952776814717,19
0,2.092135953903198,0.03771823998335894,0.022646522521972655,0.0027700561075779226,0.00017966994454912279,0.09798219139516953,16,0,"OrderedDict([('model__alpha', 0.00017966994454912279), ('model__eta', 0.09798219139516953), ('model__max_depth', 16), ('model__min_child_weight', 0)])",0.933859898752311,0.9316916882035795,0.9049665572881881,0.9006301361907251,0.9229801279631403,0.9188256816795887,0.01365265128333428,27
0,2.125593900680542,0.03389730045748925,0.02294931411743164,0.0025976834532997948,0.029646457015778147,0.09798219139516953,16,0,"OrderedDict([('model__alpha', 0.029646457015778147), ('model__eta', 0.09798219139516953), ('model__max_depth', 16), ('model__min_child_weight', 0)])",0.9322143818180059,0.9301332868716787,0.9034952715586916,0.9015496897716603,0.9227865377355751,0.9180358335511223,0.013062692508211168,41
0,2.0905935764312744,0.05783236118397212,0.023509693145751954,0.00314655869759708,0.0018528196257350726,0.09798219139516953,16,0,"OrderedDict([('model__alpha', 0.0018528196257350726), ('model__eta', 0.09798219139516953), ('model__max_depth', 16), ('model__min_child_weight', 0)])",0.9342083611619285,0.9314787389532577,0.9028370647849696,0.9028951418532394,0.9197665301855563,0.9182371673877903,0.013455839671621199,38
0,0.7566583156585693,0.02787524575456269,0.019678163528442382,0.0026686243826410166,3.9552097867554923,0.09798219139516953,16,0,"OrderedDict([('model__alpha', 3.9552097867554923), ('model__eta', 0.09798219139516953), ('model__max_depth', 16), ('model__min_child_weight', 0)])",0.9400160679888879,0.9342761177415764,0.913126385380066,0.901249624918934,0.9235415396230797,0.9224419471305086,0.014042796253538749,3
0,2.0835736274719237,0.05198571747984739,0.021957874298095703,0.001629809338438835,0.07840724878319576,0.09798219139516953,16,0,"OrderedDict([('model__alpha', 0.07840724878319576), ('model__eta', 0.09798219139516953), ('model__max_depth', 16), ('model__min_child_weight', 0)])",0.9313141872598272,0.9342277201846851,0.9042309144234398,0.9025466794436218,0.9204150574479,0.9185469117518948,0.013216173869693567,32
0,1.5315325736999512,0.03315287484448068,0.021703100204467772,0.0017888792262008434,0.690786396311013,0.09798219139516953,16,0,"OrderedDict([('model__alpha', 0.690786396311013), ('model__eta', 0.09798219139516953), ('model__max_depth', 16), ('model__min_child_weight', 0)])",0.9353021459476725,0.9320111120790622,0.9079478467926939,0.897493974504167,0.9202505057544694,0.918601117015613,0.014286192282369086,29
0,1.071669864654541,0.026456845048765217,0.022088241577148438,0.002768323221727174,2.055969499135138,0.09798219139516953,16,0,"OrderedDict([('model__alpha', 2.055969499135138), ('model__eta', 0.09798219139516953), ('model__max_depth', 16), ('model__min_child_weight', 0)])",0.9400451065230228,0.9307914936454007,0.9100095827162644,0.904889121197162,0.9234641035320537,0.9218398815227807,0.012972925032595471,14
0,0.7686747074127197,0.030655887924086897,0.019621801376342774,0.0023518079741756807,3.776945103053376,0.09798219139516953,16,0,"OrderedDict([('model__alpha', 3.776945103053376), ('model__eta', 0.09798219139516953), ('model__max_depth', 16), ('model__min_child_weight', 0)])",0.9408872240129318,0.9339470143547154,0.9120616391284568,0.8978327574024063,0.9233673084182711,0.9216191886633563,0.015384599185097433,16
0,2.0853708744049073,0.045423639486106844,0.021563196182250978,0.00271453812274452,0.00010007022325722368,0.09798219139516953,16,0,"OrderedDict([('model__alpha', 0.00010007022325722368), ('model__eta', 0.09798219139516953), ('model__max_depth', 16), ('model__min_child_weight', 0)])",0.933424320740289,0.9316916882035795,0.9040663627300093,0.9020723833860866,0.9235125010889449,0.9189534512297819,0.013409321658850512,25
0,0.6216823577880859,0.025182296483145288,0.017637968063354492,0.0020986448479839576,5.084581447274194,0.09798219139516953,16,0,"OrderedDict([('model__alpha', 5.084581447274194), ('model__eta', 0.09798219139516953), ('model__max_depth', 16), ('model__min_child_weight', 0)])",0.9403645303985054,0.9326789983641626,0.9132231804938487,0.8993766394672397,0.9225058319056055,0.9216298361258725,0.014420240946020395,15
0,2.0935290813446046,0.01826481961223886,0.027827739715576172,0.0020408590541782907,0.001957484552515692,0.09798219139516953,16,0,"OrderedDict([('model__alpha', 0.001957484552515692), ('model__eta', 0.09798219139516953), ('model__max_depth', 16), ('model__min_child_weight', 0)])",0.9341018865367675,0.9317400857604707,0.9025369999322433,0.90372757983177,0.9197181326286649,0.9183649369379833,0.013365276953270562,37
0,0.7281604290008545,0.032501376827532694,0.019237518310546875,0.0015926749044821178,3.885401925861336,0.09798219139516953,16,0,"OrderedDict([('model__alpha', 3.885401925861336), ('model__eta', 0.09798219139516953), ('model__max_depth', 16), ('model__min_child_weight', 0)])",0.9419906883100542,0.9338792577750675,0.9107645846037692,0.9002913532924858,0.922418716303201,0.9218689200569156,0.015088629486994095,12
0,2.2459496021270753,0.02819659856917619,0.023563909530639648,0.001992405151298653,0.00021612025915961804,0.09798219139516953,16,0,"OrderedDict([('model__alpha', 0.00021612025915961804), ('model__eta', 0.09798219139516953), ('model__max_depth', 16), ('model__min_child_weight', 0)])",0.9338502192409327,0.9316916882035795,0.9049762367995663,0.9006301361907251,0.9216927529498311,0.918568206676927,0.013579723728510577,30
0,0.7714547157287598,0.03635265684872047,0.020821332931518555,0.0018866133662627902,3.961346695485707,0.09798219139516953,16,0,"OrderedDict([('model__alpha', 3.961346695485707), ('model__eta', 0.09798219139516953), ('model__max_depth', 16), ('model__min_child_weight', 0)])",0.9412550454453059,0.9332113714899672,0.9112969577295739,0.9015787283057952,0.9229510894290056,0.9220586384799295,0.014345190524933632,9
0,0.7516228199005127,0.0353212940310365,0.02096900939941406,0.0015116587368295006,4.00240488959503,0.09798219139516953,16,0,"OrderedDict([('model__alpha', 4.00240488959503), ('model__eta', 0.09798219139516953), ('model__max_depth', 16), ('model__min_child_weight', 0)])",0.9418454956393801,0.9311883536119098,0.9111420855475216,0.8998557752804638,0.9236867322937539,0.9215436884746058,0.014753538550100873,17
0,1.6787493705749512,0.029360404286824522,0.022719192504882812,0.0029474328931594408,0.48927621508839597,0.09798219139516953,16,0,"OrderedDict([('model__alpha', 0.48927621508839597), ('model__eta', 0.09798219139516953), ('model__max_depth', 16), ('model__min_child_weight', 0)])",0.9349730425608115,0.9335017568313152,0.9071541268596761,0.898907183165394,0.9223219211894185,0.9193716061213231,0.014281664773348027,23
0,0.7909084320068359,0.03448075368631994,0.020029115676879882,0.0017758820516090659,3.701462542682386,0.09798219139516953,16,0,"OrderedDict([('model__alpha', 3.701462542682386), ('model__eta', 0.09798219139516953), ('model__max_depth', 16), ('model__min_child_weight', 0)])",0.940267735284723,0.9339276553319589,0.9120422801057003,0.9009979576230991,0.9230575640541665,0.9220586384799297,0.014264097118410372,8
0,0.7676525592803956,0.04746583849105476,0.019402170181274415,0.00202868534283373,3.8075180089904044,0.09798219139516953,16,0,"OrderedDict([('model__alpha', 3.8075180089904044), ('model__eta', 0.09798219139516953), ('model__max_depth', 16), ('model__min_child_weight', 0)])",0.94162286687768,0.937722023792239,0.9102709295234777,0.8999428908828683,0.921324931517457,0.9221767285187443,0.01585323718412489,7
0,2.072736930847168,0.04296844357721763,0.023416948318481446,0.0026999986136118943,0.001103171135087718,0.09798219139516953,16,0,"OrderedDict([('model__alpha', 0.001103171135087718), ('model__eta', 0.09798219139516953), ('model__max_depth', 16), ('model__min_child_weight', 0)])",0.9330661788192932,0.9292040537793653,0.9055473279708841,0.9014141766123647,0.9202408262430912,0.9178945126849998,0.012551054201141694,43
0,0.7202111721038819,0.028530265870712678,0.01994318962097168,0.0029313404510205253,4.026151329906917,0.09798219139516953,16,0,"OrderedDict([('model__alpha', 4.026151329906917), ('model__eta', 0.09798219139516953), ('model__max_depth', 16), ('model__min_child_weight', 0)])",0.9393675407265442,0.9320304711018188,0.9133199756076313,0.9008043673955339,0.9244998112495281,0.9220044332162113,0.013660808500117768,10
0,2.035511302947998,0.04939889481580001,0.021733951568603516,0.002575673264435027,0.10037252445504838,0.09798219139516953,16,0,"OrderedDict([('model__alpha', 0.10037252445504838), ('model__eta', 0.09798219139516953), ('model__max_depth', 16), ('model__min_child_weight', 0)])",0.9341406045822807,0.9313529053053404,0.903543669115583,0.9013754585668516,0.9215765988132919,0.9183978472766696,0.013683425913641776,35
0,2.0770647525787354,0.05029878129312133,0.02409811019897461,0.0036000189653175416,0.0005149139599887552,0.09798219139516953,16,0,"OrderedDict([('model__alpha', 0.0005149139599887552), ('model__eta', 0.09798219139516953), ('model__max_depth', 16), ('model__min_child_weight', 0)])",0.9336953470588805,0.9291556562224739,0.9038921315252006,0.9039502085934702,0.9215282012564007,0.9184443089312853,0.0124794417222529,34
0,2.052634859085083,0.033290027434865054,0.023711109161376955,0.0017563884289351008,0.06651289773917705,0.09798219139516953,16,0,"OrderedDict([('model__alpha', 0.06651289773917705), ('model__eta', 0.09798219139516953), ('model__max_depth', 16), ('model__min_child_weight', 0)])",0.9330177812624019,0.9288362323469912,0.9043180300258443,0.9004559049859163,0.9210829437330004,0.9175421784708309,0.01301080932961676,46
0,2.0916628360748293,0.025894977586282484,0.02360215187072754,0.0018633988601109216,0.001010005236069918,0.09798219139516953,16,0,"OrderedDict([('model__alpha', 0.001010005236069918), ('model__eta', 0.09798219139516953), ('model__max_depth', 16), ('model__min_child_weight', 0)])",0.9323498949773015,0.9292040537793653,0.9057312386870712,0.9030984115921828,0.9195051833783431,0.9179777564828528,0.011885228237709758,42
0,0.7864935398101807,0.05442380816539493,0.02077064514160156,0.002708773959474984,3.542686575956395,0.09798219139516953,16,0,"OrderedDict([('model__alpha', 3.542686575956395), ('model__eta', 0.09798219139516953), ('model__max_depth', 16), ('model__min_child_weight', 0)])",0.9409840191267145,0.9348181703787593,0.9110162518996041,0.9003978279176469,0.9240448742147497,0.9222522287074948,0.014938932016852036,4
0,0.8155185222625733,0.04030146596861027,0.019167470932006835,0.001791882040222782,3.442767476685605,0.09798219139516953,16,0,"OrderedDict([('model__alpha', 3.442767476685605), ('model__eta', 0.09798219139516953), ('model__max_depth', 16), ('model__min_child_weight', 0)])",0.9421745990262411,0.9297557859279264,0.9124197810494526,0.9005043025428077,0.9246546834315804,0.9219018303956016,0.014338838330260726,11
0,2.0899397850036623,0.053240041081691,0.02234950065612793,0.002162957409988949,0.055814130695582435,0.09798219139516953,16,0,"OrderedDict([('model__alpha', 0.055814130695582435), ('model__eta', 0.09798219139516953), ('model__max_depth', 16), ('model__min_child_weight', 0)])",0.9315464955329054,0.9308592502250487,0.9072993195303501,0.9030500140352915,0.9220315358480704,0.9189573230343331,0.011819859937968115,24
0,0.8163173198699951,0.035700704198825796,0.020076513290405273,0.002376212056649629,3.457028273771285,0.09798219139516953,16,0,"OrderedDict([('model__alpha', 3.457028273771285), ('model__eta', 0.09798219139516953), ('model__max_depth', 16), ('model__min_child_weight', 0)])",0.9409549805925796,0.9354763771524814,0.9130876673345528,0.9000300064852726,0.9256613526149199,0.9230420768359613,0.014906308740317295,1
0,0.7779712200164794,0.029243395463017293,0.019532155990600587,0.003647577513709687,3.1133631189815194,0.09798219139516953,16,0,"OrderedDict([('model__alpha', 3.1133631189815194), ('model__eta', 0.09798219139516953), ('model__max_depth', 16), ('model__min_child_weight', 0)])",0.9409840191267145,0.933898616797824,0.9101547753869386,0.90423091442344,0.9216443553929399,0.9221825362255714,0.01384181850758212,6
0,0.7885140895843505,0.036443973734117306,0.01943364143371582,0.004900545233279099,3.118913264197094,0.09798219139516953,16,0,"OrderedDict([('model__alpha', 3.118913264197094), ('model__eta', 0.09798219139516953), ('model__max_depth', 16), ('model__min_child_weight', 0)])",0.9401709401709402,0.9354860566638596,0.9094481710563251,0.9028951418532393,0.9265615471730987,0.9229123713834925,0.014499975245366233,2
1,2.1765718936920164,0.06372663652421903,0.019078731536865234,0.002177187923833976,0.011233621690895234,0.09798219139516953,16,0,"OrderedDict([('model__alpha', 0.011233621690895234), ('model__eta', 0.09798219139516953), ('model__max_depth', 16), ('model__min_child_weight', 0)])",0.9898570320652593,0.9898164277100362,0.9897677024837684,0.9896702520312329,0.9886307805375204,0.9895484389655635,0.0004630463415870702,48
1,1.0786040782928468,0.026610500028613523,0.0177614688873291,0.0017243945162942291,1.537948446580078,0.09798219139516953,16,0,"OrderedDict([('model__alpha', 1.537948446580078), ('model__eta', 0.09798219139516953), ('model__max_depth', 16), ('model__min_child_weight', 0)])",0.991274124062547,0.9900316307927188,0.9896458894180991,0.9893941424157155,0.9900803560189866,0.9900852285416134,0.000646063142226539,21
1,2.1053412437438963,0.050959299425366325,0.022481870651245118,0.0024325681617788767,0.016755699440936588,0.09798219139516953,16,0,"OrderedDict([('model__alpha', 0.016755699440936588), ('model__eta', 0.09798219139516953), ('model__max_depth', 16), ('model__min_child_weight', 0)])",0.9903767678121156,0.9899260594691388,0.9898732738073486,0.9897595816127238,0.988496786165284,0.989686493773322,0.0006307935917948815,32
1,1.2320608615875244,0.032309501456743744,0.019951629638671874,0.0028448976731311423,1.1533999859559563,0.09798219139516953,16,0,"OrderedDict([('model__alpha', 1.1533999859559563), ('model__eta', 0.09798219139516953), ('model__max_depth', 16), ('model__min_child_weight', 0)])",0.9909371079141949,0.990238713004357,0.9901412625518213,0.9892479667369122,0.9901859273425667,0.9901501955099704,0.0005371107519443157,20
1,1.2600251674652099,0.030706870813594266,0.018682098388671874,0.0018322755709578313,0.9948719998234101,0.09798219139516953,16,0,"OrderedDict([('model__alpha', 0.9948719998234101), ('model__eta', 0.09798219139516953), ('model__max_depth', 16), ('model__min_child_weight', 0)])",0.9910711022864312,0.9900925373255536,0.9897270981285453,0.9892520271724345,0.990007268179585,0.9900300066185098,0.0005975471341243415,22
1,1.5634907245635987,0.0172492471242844,0.021425342559814452,0.0042190140979571,0.4678860424711244,0.09798219139516953,16,0,"OrderedDict([('model__alpha', 0.4678860424711244), ('model__eta', 0.09798219139516953), ('model__max_depth', 16), ('model__min_child_weight', 0)])",0.9907909322353916,0.9901128395031651,0.9900438120992858,0.9894875324327288,0.9890733680094527,0.9899016968560048,0.0005853508977209832,25
1,2.1021700382232664,0.01012441555390825,0.021559429168701173,0.003385169278501641,0.12172976749510152,0.09798219139516953,16,0,"OrderedDict([('model__alpha', 0.12172976749510152), ('model__eta', 0.09798219139516953), ('model__max_depth', 16), ('model__min_child_weight', 0)])",0.9903158612792808,0.9902752569240578,0.9891180328001982,0.98934947762497,0.9888459836202032,0.9895809224497419,0.0006050130681431295,45
1,2.098144292831421,0.03642557907734769,0.019658851623535156,0.0019819233704532454,0.05212131190318165,0.09798219139516953,16,0,"OrderedDict([('model__alpha', 0.05212131190318165), ('model__eta', 0.09798219139516953), ('model__max_depth', 16), ('model__min_child_weight', 0)])",0.9902346525688346,0.990291498666147,0.9897595816127238,0.9895118950458627,0.9885698740046858,0.9896735003796507,0.0006242325047051857,35
1,0.6147661209106445,0.007029457449939539,0.01728978157043457,0.000951119751838147,5.9894912052679325,0.09798219139516953,16,0,"OrderedDict([('model__alpha', 5.9894912052679325), ('model__eta', 0.09798219139516953), ('model__max_depth', 16), ('model__min_child_weight', 0)])",0.9916355028240329,0.9902874382306246,0.9902184108267453,0.9898976364204826,0.9898773342428708,0.9903832645089512,0.0006474967620551116,17
1,2.163716506958008,0.03310285656699875,0.020826148986816406,0.002144140906214063,0.00010426811836320536,0.09798219139516953,16,0,"OrderedDict([('model__alpha', 0.00010426811836320536), ('model__eta', 0.09798219139516953), ('model__max_depth', 16), ('model__min_child_weight', 0)])",0.9903361634568923,0.9895200159169072,0.9896824333377998,0.9898042464034693,0.9885698740046858,0.989582546623951,0.0005755835998128227,44
1,2.129599094390869,0.024819324498855353,0.020140647888183594,0.0025040110602263074,0.01269823646902162,0.09798219139516953,16,0,"OrderedDict([('model__alpha', 0.01269823646902162), ('model__eta', 0.09798219139516953), ('model__max_depth', 16), ('model__min_child_weight', 0)])",0.9901778064715221,0.9897758233548131,0.9898245485810808,0.9898489111942147,0.9887485331676675,0.9896751245538595,0.00048454727160527207,34
1,0.49283623695373535,0.012535962799715463,0.016253662109375,0.0010845587357617731,10.0,0.09798219139516953,16,0,"OrderedDict([('model__alpha', 10.0), ('model__eta', 0.09798219139516953), ('model__max_depth', 16), ('model__min_child_weight', 0)])",0.9914121788703056,0.9902508943109238,0.9904133117318163,0.9894306863354163,0.9896337081115321,0.9902281558719987,0.0006965681576486324,18
1,2.166614055633545,0.03587506383675018,0.02054567337036133,0.0015605527663023649,0.07152223987130676,0.09798219139516953,16,0,"OrderedDict([('model__alpha', 0.07152223987130676), ('model__eta', 0.09798219139516953), ('model__max_depth', 16), ('model__min_child_weight', 0)])",0.9901412625518213,0.9903767678121155,0.9895849828852643,0.989930119904661,0.9887363518611006,0.9897538970029925,0.0005714901082792294,28
1,2.2345550537109373,0.05273534822082481,0.01889500617980957,0.002832624910735837,0.0022787429135017164,0.09798219139516953,16,0,"OrderedDict([('model__alpha', 0.0022787429135017164), ('model__eta', 0.09798219139516953), ('model__max_depth', 16), ('model__min_child_weight', 0)])",0.990498580877785,0.9894915928682511,0.9897352189995898,0.9897961255324246,0.9886754453282659,0.9896393927212632,0.0005870249587600963,38
1,1.9235531330108642,0.039056747326145176,0.01851201057434082,0.002147265721641564,0.11083912695787768,0.09798219139516953,16,0,"OrderedDict([('model__alpha', 0.11083912695787768), ('model__eta', 0.09798219139516953), ('model__max_depth', 16), ('model__min_child_weight', 0)])",0.9903727073765932,0.9900113286151073,0.9895931037563089,0.9899016968560048,0.9887972583939353,0.9897352189995899,0.0005310950324386007,29
1,1.4800160884857179,0.025020956769089,0.018816757202148437,0.0013962749656159226,0.5921286683773201,0.09798219139516953,16,0,"OrderedDict([('model__alpha', 0.5921286683773201), ('model__eta', 0.09798219139516953), ('model__max_depth', 16), ('model__min_child_weight', 0)])",0.990628514814499,0.9901290812452543,0.9899829055664511,0.989723037693023,0.9891139723646758,0.9899155023367806,0.0004976020245489441,24
1,0.9544501781463623,0.02386530883432673,0.01875748634338379,0.0016282558769321921,2.3563722186355487,0.09798219139516953,16,0,"OrderedDict([('model__alpha', 2.3563722186355487), ('model__eta', 0.09798219139516953), ('model__max_depth', 16), ('model__min_child_weight', 0)])",0.9912903658046363,0.9900803560189866,0.9903158612792808,0.9904660973936065,0.9903524051989816,0.9905010171390984,0.0004141532768324783,13
1,2.177730751037598,0.03579109788241544,0.01932525634765625,0.002146711438436575,0.006853162439716342,0.09798219139516953,16,0,"OrderedDict([('model__alpha', 0.006853162439716342), ('model__eta', 0.09798219139516953), ('model__max_depth', 16), ('model__min_child_weight', 0)])",0.9902102899557006,0.9898001859679469,0.9896296476760097,0.9895565598366082,0.9885779948757305,0.9895549356623992,0.0005384486578488761,46
1,2.1457525730133056,0.029750907015785463,0.020788145065307618,0.0034814094761723463,0.0017955670524831355,0.09798219139516953,16,0,"OrderedDict([('model__alpha', 0.0017955670524831355), ('model__eta', 0.09798219139516953), ('model__max_depth', 16), ('model__min_child_weight', 0)])",0.9902224712622676,0.9897149168219783,0.9896783729022776,0.9900438120992858,0.9884967861652841,0.9896312718502187,0.0006026572760092562,40
1,0.7442409515380859,0.02658110278484021,0.017084455490112303,0.0013972574770829567,4.120187150281098,0.09798219139516953,16,0,"OrderedDict([('model__alpha', 4.120187150281098), ('model__eta', 0.09798219139516953), ('model__max_depth', 16), ('model__min_child_weight', 0)])",0.9914690249676179,0.9904701578291288,0.9901331416807766,0.9896783729022776,0.9907949926709139,0.990509138010143,0.0006059965704309628,9
1,1.504249143600464,0.03911016521799915,0.019078397750854494,0.0017309392095060782,0.5979629005025203,0.09798219139516953,16,0,"OrderedDict([('model__alpha', 0.5979629005025203), ('model__eta', 0.09798219139516953), ('model__max_depth', 16), ('model__min_child_weight', 0)])",0.9904051908607717,0.9900113286151073,0.9898935759849602,0.9897474003061568,0.9893860215446708,0.9898887034623334,0.0003330091874424973,26
1,2.130212593078613,0.06009518730077241,0.018975305557250976,0.00178536594463157,0.011720614931926056,0.09798219139516953,16,0,"OrderedDict([('model__alpha', 0.011720614931926056), ('model__eta', 0.09798219139516953), ('model__max_depth', 16), ('model__min_child_weight', 0)])",0.9901250208097321,0.9897555211772014,0.9899219990336163,0.9897270981285452,0.9890287032187072,0.9897116684735604,0.0003697841996403689,30
1,1.1365399837493897,0.028629443800158628,0.020118904113769532,0.002714877447688179,1.3924517221401078,0.09798219139516953,16,0,"OrderedDict([('model__alpha', 1.3924517221401078), ('model__eta', 0.09798219139516953), ('model__max_depth', 16), ('model__min_child_weight', 0)])",0.9911238879482214,0.9900925373255536,0.9897108563864561,0.9894672302551171,0.9904701578291287,0.9901729339488954,0.0005849192316862291,19
1,0.7750810623168946,0.014340115773175703,0.017358064651489258,0.001495576216319362,3.7846589620398032,0.09798219139516953,16,0,"OrderedDict([('model__alpha', 3.7846589620398032), ('model__eta', 0.09798219139516953), ('model__max_depth', 16), ('model__min_child_weight', 0)])",0.99175325545418,0.9903889491186825,0.9903564656345039,0.9893575984960147,0.9906853609118114,0.9905083259230384,0.0007671605965787108,10
1,2.0995631217956543,0.0322883753086291,0.019874429702758788,0.00231496789964953,0.019233490904321034,0.09798219139516953,16,0,"OrderedDict([('model__alpha', 0.019233490904321034), ('model__eta', 0.09798219139516953), ('model__max_depth', 16), ('model__min_child_weight', 0)])",0.9903645865055486,0.9900965977610758,0.9896255872404874,0.9900153890506296,0.9887972583939353,0.9897798837903353,0.0005453453634187334,27
1,2.0794854164123535,0.04160573214374475,0.019508838653564453,0.0023332978533282737,0.03913833102908048,0.09798219139516953,16,0,"OrderedDict([('model__alpha', 0.03913833102908048), ('model__eta', 0.09798219139516953), ('model__max_depth', 16), ('model__min_child_weight', 0)])",0.9902265316977898,0.9897433398706346,0.9897453700883957,0.9895687411431751,0.9884277587614048,0.9895423483122799,0.0005987869072646131,49
1,2.129900026321411,0.04867756408903755,0.019739151000976562,0.003072501995698609,0.003964259860155269,0.09798219139516953,16,0,"OrderedDict([('model__alpha', 0.003964259860155269), ('model__eta', 0.09798219139516953), ('model__max_depth', 16), ('model__min_child_weight', 0)])",0.9902833777951023,0.9898164277100362,0.9895606202721304,0.9897555211772014,0.9888947088464709,0.9896621311601883,0.0004511580587666263,36
1,0.7661128044128418,0.017527905001216898,0.017490959167480467,0.0014114802151240057,3.7761955903216644,0.09798219139516953,16,0,"OrderedDict([('model__alpha', 3.7761955903216644), ('model__eta', 0.09798219139516953), ('model__max_depth', 16), ('model__min_child_weight', 0)])",0.9917045302279122,0.9908680805103155,0.9903889491186826,0.9897311585640676,0.9909249266076279,0.9907235290057212,0.0006512391763020698,1
1,2.083414363861084,0.04072719773976055,0.021452713012695312,0.0031556740249103683,0.040166620674814316,0.09798219139516953,16,0,"OrderedDict([('model__alpha', 0.040166620674814316), ('model__eta', 0.09798219139516953), ('model__max_depth', 16), ('model__min_child_weight', 0)])",0.9903036799727138,0.9897595816127237,0.9896540102891436,0.9895321972234742,0.9889150110240824,0.9896328960244276,0.0004454088633983333,39
1,0.6672445774078369,0.017424919211462817,0.018439006805419923,0.0008883822603789165,5.084581447274194,0.09798219139516953,16,0,"OrderedDict([('model__alpha', 5.084581447274194), ('model__eta', 0.09798219139516953), ('model__max_depth', 16), ('model__min_child_weight', 0)])",0.9913999975637388,0.9906203939434545,0.9904051908607718,0.9893007523987022,0.9906813004762891,0.9904815270485912,0.000678651237601445,14
1,2.114419460296631,0.021721024180657748,0.01977114677429199,0.0022001756715128696,0.001957484552515692,0.09798219139516953,16,0,"OrderedDict([('model__alpha', 0.001957484552515692), ('model__eta', 0.09798219139516953), ('model__max_depth', 16), ('model__min_child_weight', 0)])",0.9902224712622676,0.9895728015786973,0.9897189772575006,0.9896052850628759,0.9884967861652841,0.9895232642653251,0.0005639206764058808,50
1,0.7852701663970947,0.02072412916015972,0.017990303039550782,0.0016101142885391229,3.5116331431729013,0.09798219139516953,16,0,"OrderedDict([('model__alpha', 3.5116331431729013), ('model__eta', 0.09798219139516953), ('model__max_depth', 16), ('model__min_child_weight', 0)])",0.9913837558216494,0.9905919708947981,0.9900519329703303,0.9901412625518213,0.9906203939434544,0.9905578632364108,0.0004725872509014134,6
1,2.1401856899261475,0.03222869300056702,0.020930004119873048,0.0009977960289283736,0.00021612025915961804,0.09798219139516953,16,0,"OrderedDict([('model__alpha', 0.00021612025915961804), ('model__eta', 0.09798219139516953), ('model__max_depth', 16), ('model__min_child_weight', 0)])",0.9902102899557007,0.9895200159169072,0.9896864937733221,0.9899707242598841,0.9885698740046858,0.9895914795820999,0.0005629503551617393,43
1,0.8015373229980469,0.019697362361187493,0.019498825073242188,0.0020555216502930376,3.5374569402524223,0.09798219139516953,16,0,"OrderedDict([('model__alpha', 3.5374569402524223), ('model__eta', 0.09798219139516953), ('model__max_depth', 16), ('model__min_child_weight', 0)])",0.9919075520040279,0.9903524051989817,0.9902062295201783,0.9899219990336164,0.9902549547464461,0.99052862810065,0.0007041764575503422,8
1,0.8001742362976074,0.015460040030117767,0.019176816940307616,0.0010284831302696678,3.559105411062132,0.09798219139516953,16,0,"OrderedDict([('model__alpha', 3.559105411062132), ('model__eta', 0.09798219139516953), ('model__max_depth', 16), ('model__min_child_weight', 0)])",0.991249761449413,0.9907503278801684,0.9903645865055486,0.9897636420482462,0.9905594874106196,0.9905375610587992,0.00048617912594799205,7
1,1.5822322845458985,0.023499596838743343,0.018880605697631836,0.001945420087255563,0.48927621508839597,0.09798219139516953,16,0,"OrderedDict([('model__alpha', 0.48927621508839597), ('model__eta', 0.09798219139516953), ('model__max_depth', 16), ('model__min_child_weight', 0)])",0.9905026413133072,0.9900235099216742,0.9897149168219783,0.9891058514936313,0.9888013188294577,0.9896296476760098,0.0006140044470979871,41
1,0.7824998378753663,0.00574333320197142,0.018303537368774415,0.0017597389134879958,3.672952782754235,0.09798219139516953,16,0,"OrderedDict([('model__alpha', 3.672952782754235), ('model__eta', 0.09798219139516953), ('model__max_depth', 16), ('model__min_child_weight', 0)])",0.9917207719700014,0.9906366356855436,0.9896946146443668,0.9900032077440627,0.9904823391356957,0.990507513835934,0.0006934596235410586,11
1,0.806179428100586,0.02435659947858922,0.01933126449584961,0.0022562985690499377,3.6892180692266203,0.09798219139516953,16,0,"OrderedDict([('model__alpha', 3.6892180692266203), ('model__eta', 0.09798219139516953), ('model__max_depth', 16), ('model__min_child_weight', 0)])",0.9917045302279123,0.9904579765225618,0.9896134059339204,0.9896743124667552,0.9908924431234494,0.9904685336549198,0.0007835214016161838,16
1,2.2368360996246337,0.061099496767590133,0.019257259368896485,0.002680478730636624,0.001103171135087718,0.09798219139516953,16,0,"OrderedDict([('model__alpha', 0.001103171135087718), ('model__eta', 0.09798219139516953), ('model__max_depth', 16), ('model__min_child_weight', 0)])",0.9906082126368874,0.9897270981285453,0.9894997137392957,0.9898489111942147,0.9885698740046858,0.9896507619407258,0.0006561915063823126,37
1,0.7766651153564453,0.012662406401004097,0.01815657615661621,0.0020486862063884776,3.748169471930217,0.09798219139516953,16,0,"OrderedDict([('model__alpha', 3.748169471930217), ('model__eta', 0.09798219139516953), ('model__max_depth', 16), ('model__min_child_weight', 0)])",0.9917694971962693,0.9905879104592759,0.9907543883156907,0.9896702520312328,0.9908152948485254,0.9907194685701988,0.0006680007577839952,2
1,1.9799898624420167,0.023548373059980938,0.021962785720825197,0.002999995197108643,0.10037252445504838,0.09798219139516953,16,0,"OrderedDict([('model__alpha', 0.10037252445504838), ('model__eta', 0.09798219139516953), ('model__max_depth', 16), ('model__min_child_weight', 0)])",0.9903524051989816,0.9901006581965981,0.9895362576589966,0.9895362576589964,0.9889393736372163,0.9896929904701578,0.0004935766280634859,31
1,2.3912474632263185,0.04493794452518982,0.02079310417175293,0.003209037555247091,0.0005149139599887552,0.09798219139516953,16,0,"OrderedDict([('model__alpha', 0.0005149139599887552), ('model__eta', 0.09798219139516953), ('model__max_depth', 16), ('model__min_child_weight', 0)])",0.9901859273425667,0.9897108563864561,0.9897920650969023,0.9898407903231701,0.9884724235521503,0.989600412540249,0.0005868384386121944,42
1,2.1158698081970213,0.015035800407363166,0.01978907585144043,0.0018033858810222495,0.06651289773917705,0.09798219139516953,16,0,"OrderedDict([('model__alpha', 0.06651289773917705), ('model__eta', 0.09798219139516953), ('model__max_depth', 16), ('model__min_child_weight', 0)])",0.9902874382306246,0.9904579765225618,0.9898164277100362,0.990161564729433,0.9889840384279618,0.9899414891241236,0.0005229197800735602,23
1,2.1369718074798585,0.06187549194101223,0.019018220901489257,0.0025173939370517068,0.001010005236069918,0.09798219139516953,16,0,"OrderedDict([('model__alpha', 0.001010005236069918), ('model__eta', 0.09798219139516953), ('model__max_depth', 16), ('model__min_child_weight', 0)])",0.9902955591016692,0.989710856386456,0.9894997137392957,0.9898489111942147,0.9884033961482709,0.9895516873139811,0.0006306022389502983,47
1,0.767575454711914,0.013678598119102653,0.019154977798461915,0.0018073843532381006,3.7448945635868034,0.09798219139516953,16,0,"OrderedDict([('model__alpha', 3.7448945635868034), ('model__eta', 0.09798219139516953), ('model__max_depth', 16), ('model__min_child_weight', 0)])",0.991598958904332,0.9905067017488297,0.990202169084656,0.9900356912282411,0.9908843222524047,0.9906455686436928,0.0005574574279845495,4
1,0.7882738590240479,0.011936817156975811,0.01754612922668457,0.001505012451957284,3.710262040823952,0.09798219139516953,16,0,"OrderedDict([('model__alpha', 3.710262040823952), ('model__eta', 0.09798219139516953), ('model__max_depth', 16), ('model__min_child_weight', 0)])",0.9916273819529883,0.990356465634504,0.9900844164545088,0.9899301199046611,0.9908802618168825,0.9905757291527089,0.0006172503082019853,5
1,2.0449205875396728,0.03701326180820817,0.01972827911376953,0.002814172094525376,0.055814130695582435,0.09798219139516953,16,0,"OrderedDict([('model__alpha', 0.055814130695582435), ('model__eta', 0.09798219139516953), ('model__max_depth', 16), ('model__min_child_weight', 0)])",0.9897230376930228,0.9905838500237536,0.9896905542088443,0.989828609016603,0.9885739344402081,0.9896799970764864,0.0006425533693188598,33
1,0.7603175640106201,0.020890971400268302,0.01766481399536133,0.002070933980104495,3.686682920255747,0.09798219139516953,16,0,"OrderedDict([('model__alpha', 3.686682920255747), ('model__eta', 0.09798219139516953), ('model__max_depth', 16), ('model__min_child_weight', 0)])",0.9919562772302958,0.9904051908607717,0.9896174663694427,0.9897270981285453,0.9908274761550924,0.9905067017488296,0.0008500577770115591,12
1,0.7624642372131347,0.022613997422913087,0.017884540557861327,0.0019751267764776346,3.7150934209272353,0.09798219139516953,16,0,"OrderedDict([('model__alpha', 3.7150934209272353), ('model__eta', 0.09798219139516953), ('model__max_depth', 16), ('model__min_child_weight', 0)])",0.9915218106294081,0.990356465634504,0.9899788451309288,0.9896946146443667,0.9908355970261371,0.9904774666130688,0.0006473072904570335,15
1,0.7615388393402099,0.009506347023167614,0.018970680236816407,0.0007841882804496893,3.751868058189483,0.09798219139516953,16,0,"OrderedDict([('model__alpha', 3.751868058189483), ('model__eta', 0.09798219139516953), ('model__max_depth', 16), ('model__min_child_weight', 0)])",0.9915908380332874,0.9906731796052445,0.9903727073765932,0.9899341803401833,0.9909168057365834,0.9906975422183784,0.0005540553170555064,3
2,1.1061442375183106,0.04141655597242168,0.03157262802124024,0.003312394225867015,0.011233621690895234,0.09798219139516953,16,0,"OrderedDict([('model__alpha', 0.011233621690895234), ('model__eta', 0.09798219139516953), ('model__max_depth', 16), ('model__min_child_weight', 0)])",1.0,0.9999838040287479,0.9999838040287479,0.9999919020143739,1.0,0.9999919020143739,7.243058536279417e-06,29
2,0.7805531978607178,0.01937048616176784,0.02867894172668457,0.0016309403349252943,1.537948446580078,0.09798219139516953,16,0,"OrderedDict([('model__alpha', 1.537948446580078), ('model__eta', 0.09798219139516953), ('model__max_depth', 16), ('model__min_child_weight', 0)])",0.9999919020143738,0.9999676080574957,0.9999716570503087,0.9999676080574956,1.0,0.9999797550359348,1.3550521737566235e-05,48
2,1.0832667827606202,0.03154552563135104,0.032066726684570314,0.0028206518052049418,0.016755699440936588,0.09798219139516953,16,0,"OrderedDict([('model__alpha', 0.016755699440936588), ('model__eta', 0.09798219139516953), ('model__max_depth', 16), ('model__min_child_weight', 0)])",1.0,0.9999797550359348,0.999983804028748,0.9999878530215609,1.0,0.9999902824172487,8.337386489282642e-06,37
2,0.8540836811065674,0.021327118975922304,0.032052230834960935,0.002445935621539477,1.1533999859559563,0.09798219139516953,16,0,"OrderedDict([('model__alpha', 1.1533999859559563), ('model__eta', 0.09798219139516953), ('model__max_depth', 16), ('model__min_child_weight', 0)])",1.0,0.9999716570503087,0.9999635590646827,0.9999878530215609,1.0,0.9999846138273105,1.4799608772141604e-05,45
2,0.8992974281311035,0.025568479643982397,0.029438304901123046,0.001872607246429215,0.9948719998234101,0.09798219139516953,16,0,"OrderedDict([('model__alpha', 0.9948719998234101), ('model__eta', 0.09798219139516953), ('model__max_depth', 16), ('model__min_child_weight', 0)])",1.0,0.9999635590646827,0.9999716570503087,0.9999797550359348,0.9999999999999999,0.9999829942301852,1.4799608772113659e-05,46
2,0.9834996700286865,0.02429495722745616,0.031069421768188478,0.002786447074233562,0.4678860424711244,0.09798219139516953,16,0,"OrderedDict([('model__alpha', 0.4678860424711244), ('model__eta', 0.09798219139516953), ('model__max_depth', 16), ('model__min_child_weight', 0)])",1.0,0.9999919020143739,0.9999838040287479,0.9999878530215609,1.0,0.9999927118129366,6.478388500852361e-06,9
2,1.069440746307373,0.02355028455660676,0.031030893325805664,0.0018765851391300988,0.12172976749510152,0.09798219139516953,16,0,"OrderedDict([('model__alpha', 0.12172976749510152), ('model__eta', 0.09798219139516953), ('model__max_depth', 16), ('model__min_child_weight', 0)])",1.0,0.9999797550359347,0.9999878530215608,0.999991902014374,0.9999999999999999,0.9999919020143739,7.682423711324833e-06,29
2,1.0700522422790528,0.028768678135968402,0.031957244873046874,0.00278646815547619,0.05212131190318165,0.09798219139516953,16,0,"OrderedDict([('model__alpha', 0.05212131190318165), ('model__eta', 0.09798219139516953), ('model__max_depth', 16), ('model__min_child_weight', 0)])",0.9999999999999999,0.999995951007187,0.9999716570503088,0.999987853021561,1.0,0.9999910922158113,1.0681976684462271e-05,35
2,0.5508018016815186,0.024208516102558822,0.02436075210571289,0.0030250736194805438,5.9894912052679325,0.09798219139516953,16,0,"OrderedDict([('model__alpha', 5.9894912052679325), ('model__eta', 0.09798219139516953), ('model__max_depth', 16), ('model__min_child_weight', 0)])",0.9999878530215609,0.9999230691365523,0.9998987751796742,0.9999271181293653,1.0,0.9999473630934306,3.9423136575380364e-05,50
2,1.0736213684082032,0.03844304300851493,0.029841852188110352,0.0017973749986251461,0.00010426811836320536,0.09798219139516953,16,0,"OrderedDict([('model__alpha', 0.00010426811836320536), ('model__eta', 0.09798219139516953), ('model__max_depth', 16), ('model__min_child_weight', 0)])",1.0,0.9999878530215609,0.9999838040287479,0.9999919020143739,1.0,0.9999927118129366,6.478388500852361e-06,9
2,1.0837303161621095,0.027151213912032922,0.029167366027832032,0.002550482419083715,0.01269823646902162,0.09798219139516953,16,0,"OrderedDict([('model__alpha', 0.01269823646902162), ('model__eta', 0.09798219139516953), ('model__max_depth', 16), ('model__min_child_weight', 0)])",1.0,0.9999878530215609,0.9999757060431218,0.9999919020143739,1.0,0.9999910922158113,9.017535155903397e-06,35
2,1.0821537971496582,0.015476927878458457,0.034093809127807614,0.001902334264278078,0.0008698912507874981,0.09798219139516953,16,0,"OrderedDict([('model__alpha', 0.0008698912507874981), ('model__eta', 0.09798219139516953), ('model__max_depth', 16), ('model__min_child_weight', 0)])",1.0,0.9999919020143739,0.9999838040287479,0.9999919020143739,1.0,0.9999935216114991,6.059977547151399e-06,4
2,1.0698122024536132,0.012105582485130868,0.031683921813964844,0.0016740153357713845,0.07152223987130676,0.09798219139516953,16,0,"OrderedDict([('model__alpha', 0.07152223987130676), ('model__eta', 0.09798219139516953), ('model__max_depth', 16), ('model__min_child_weight', 0)])",1.0,0.9999878530215608,0.9999878530215608,0.9999919020143739,1.0,0.9999935216114991,5.49232107150395e-06,4
2,1.0775434017181396,0.029717316644591818,0.031415128707885744,0.002794010776467818,0.0022787429135017164,0.09798219139516953,16,0,"OrderedDict([('model__alpha', 0.0022787429135017164), ('model__eta', 0.09798219139516953), ('model__max_depth', 16), ('model__min_child_weight', 0)])",1.0,0.9999838040287478,0.9999797550359348,0.9999838040287479,0.9999999999999999,0.9999894726186861,8.72179744042138e-06,40
2,1.0808369636535644,0.0221870949254311,0.03094935417175293,0.0020932051123558186,0.11083912695787768,0.09798219139516953,16,0,"OrderedDict([('model__alpha', 0.11083912695787768), ('model__eta', 0.09798219139516953), ('model__max_depth', 16), ('model__min_child_weight', 0)])",1.0,0.9999838040287479,0.9999878530215609,0.9999919020143739,0.9999999999999999,0.9999927118129366,6.478388500827381e-06,9
2,0.9460284233093261,0.018803614925674988,0.031777143478393555,0.002957990236552753,0.5921286683773201,0.09798219139516953,16,0,"OrderedDict([('model__alpha', 0.5921286683773201), ('model__eta', 0.09798219139516953), ('model__max_depth', 16), ('model__min_child_weight', 0)])",1.0,0.9999757060431218,0.9999838040287479,0.9999838040287479,0.9999999999999999,0.9999886628201236,9.717582751252636e-06,43
2,1.1173529624938965,0.0452798999298327,0.03133096694946289,0.0024771667449250325,0.0002981939423037952,0.09798219139516953,16,0,"OrderedDict([('model__alpha', 0.0002981939423037952), ('model__eta', 0.09798219139516953), ('model__max_depth', 16), ('model__min_child_weight', 0)])",1.0,0.9999878530215609,0.999983804028748,0.9999919020143739,1.0,0.9999927118129366,6.478388500821829e-06,9
2,1.092569637298584,0.014919397531951442,0.029939794540405275,0.0008607241262285801,0.006853162439716342,0.09798219139516953,16,0,"OrderedDict([('model__alpha', 0.006853162439716342), ('model__eta', 0.09798219139516953), ('model__max_depth', 16), ('model__min_child_weight', 0)])",1.0,0.9999919020143739,0.9999878530215609,0.9999919020143739,1.0,0.9999943314100618,4.858791375639271e-06,2
2,1.0765628814697266,0.018565808624153145,0.033611202239990236,0.0026497336906787573,0.0017955670524831355,0.09798219139516953,16,0,"OrderedDict([('model__alpha', 0.0017955670524831355), ('model__eta', 0.09798219139516953), ('model__max_depth', 16), ('model__min_child_weight', 0)])",1.0,0.9999878530215609,0.9999919020143738,0.9999838040287479,1.0,0.9999927118129366,6.478388500855136e-06,9
2,1.0757676601409911,0.04092037177652261,0.028796005249023437,0.0026857929589424174,0.00010004782552384487,0.09798219139516953,16,0,"OrderedDict([('model__alpha', 0.00010004782552384487), ('model__eta', 0.09798219139516953), ('model__max_depth', 16), ('model__min_child_weight', 0)])",1.0,0.9999878530215609,0.999983804028748,0.9999919020143739,1.0,0.9999927118129366,6.478388500821829e-06,9
2,0.9336819171905517,0.016957969387352757,0.03013772964477539,0.003413389007667255,0.5979629005025203,0.09798219139516953,16,0,"OrderedDict([('model__alpha', 0.5979629005025203), ('model__eta', 0.09798219139516953), ('model__max_depth', 16), ('model__min_child_weight', 0)])",1.0,0.9999554610790565,0.9999797550359348,0.9999757060431217,1.0,0.9999821844316227,1.6714054005935106e-05,47
2,1.0819637298583984,0.0305978952294501,0.030482673645019533,0.0023023258164658993,0.011720614931926056,0.09798219139516953,16,0,"OrderedDict([('model__alpha', 0.011720614931926056), ('model__eta', 0.09798219139516953), ('model__max_depth', 16), ('model__min_child_weight', 0)])",1.0,0.9999838040287479,0.9999878530215609,0.9999878530215609,1.0,0.9999919020143739,6.775260868776484e-06,29
2,0.8096920013427734,0.035021572852021614,0.02829775810241699,0.003889170370220223,1.3924517221401078,0.09798219139516953,16,0,"OrderedDict([('model__alpha', 1.3924517221401078), ('model__eta', 0.09798219139516953), ('model__max_depth', 16), ('model__min_child_weight', 0)])",1.0,0.9999676080574957,0.9999716570503087,0.9999878530215609,0.9999999999999999,0.9999854236258731,1.369493635004768e-05,44
2,1.089121675491333,0.025940927475180866,0.031492424011230466,0.003458755297154751,0.00035166353074794245,0.09798219139516953,16,0,"OrderedDict([('model__alpha', 0.00035166353074794245), ('model__eta', 0.09798219139516953), ('model__max_depth', 16), ('model__min_child_weight', 0)])",1.0,0.9999878530215609,0.9999838040287479,0.9999919020143739,1.0,0.9999927118129366,6.478388500852361e-06,9
2,1.0831340312957765,0.03687575423503907,0.03223042488098145,0.0022957607937660746,0.019233490904321034,0.09798219139516953,16,0,"OrderedDict([('model__alpha', 0.019233490904321034), ('model__eta', 0.09798219139516953), ('model__max_depth', 16), ('model__min_child_weight', 0)])",1.0,0.9999797550359348,0.9999797550359347,0.9999919020143739,1.0,0.9999902824172487,9.089966320752815e-06,37
2,1.0784658432006835,0.034665630188874426,0.03042454719543457,0.002635361505944328,0.03913833102908048,0.09798219139516953,16,0,"OrderedDict([('model__alpha', 0.03913833102908048), ('model__eta', 0.09798219139516953), ('model__max_depth', 16), ('model__min_child_weight', 0)])",0.9999999999999999,0.9999797550359347,0.9999878530215608,0.9999919020143739,1.0,0.9999919020143739,7.682423711324833e-06,29
2,1.0809842109680177,0.03529945259214539,0.030904006958007813,0.003348771290619982,0.003964259860155269,0.09798219139516953,16,0,"OrderedDict([('model__alpha', 0.003964259860155269), ('model__eta', 0.09798219139516953), ('model__max_depth', 16), ('model__min_child_weight', 0)])",1.0,0.9999878530215609,0.9999797550359348,0.9999919020143739,1.0,0.9999919020143739,7.682423711301427e-06,29
2,1.085231065750122,0.0402598665348156,0.031554889678955075,0.002088410302281583,0.00010002713031767792,0.09798219139516953,16,0,"OrderedDict([('model__alpha', 0.00010002713031767792), ('model__eta', 0.09798219139516953), ('model__max_depth', 16), ('model__min_child_weight', 0)])",1.0,0.9999878530215609,0.999983804028748,0.9999919020143739,1.0,0.9999927118129366,6.478388500821829e-06,9
2,1.1781643867492675,0.03018114377466766,0.03395876884460449,0.004449022104605781,0.040166620674814316,0.09798219139516953,16,0,"OrderedDict([('model__alpha', 0.040166620674814316), ('model__eta', 0.09798219139516953), ('model__max_depth', 16), ('model__min_child_weight', 0)])",1.0,0.9999919020143739,0.9999878530215608,0.999995951007187,1.0,0.9999951412086243,4.721896463107908e-06,1
2,0.6525934219360352,0.021058123281205546,0.026643657684326173,0.002860849643862477,5.084581447274194,0.09798219139516953,16,0,"OrderedDict([('model__alpha', 5.084581447274194), ('model__eta', 0.09798219139516953), ('model__max_depth', 16), ('model__min_child_weight', 0)])",1.0,0.9999473630934305,0.9999433141006174,0.9999190201437392,0.9999999999999999,0.9999619394675575,3.255349932945899e-05,49
2,1.1943135738372803,0.012711980420206279,0.03322000503540039,0.003380151979691328,0.001957484552515692,0.09798219139516953,16,0,"OrderedDict([('model__alpha', 0.001957484552515692), ('model__eta', 0.09798219139516953), ('model__max_depth', 16), ('model__min_child_weight', 0)])",0.9999999999999999,0.9999878530215609,0.9999878530215609,0.9999878530215609,1.0,0.9999927118129366,5.950779818448685e-06,9
2,1.0854386806488037,0.019329516682669155,0.03280420303344726,0.002321768356890865,0.0003577113071518053,0.09798219139516953,16,0,"OrderedDict([('model__alpha', 0.0003577113071518053), ('model__eta', 0.09798219139516953), ('model__max_depth', 16), ('model__min_child_weight', 0)])",1.0,0.9999878530215609,0.9999838040287479,0.9999919020143739,1.0,0.9999927118129366,6.478388500852361e-06,9
2,1.132544183731079,0.03866520131569961,0.031458711624145506,0.002720453503805838,0.00021612025915961804,0.09798219139516953,16,0,"OrderedDict([('model__alpha', 0.00021612025915961804), ('model__eta', 0.09798219139516953), ('model__max_depth', 16), ('model__min_child_weight', 0)])",1.0,0.9999878530215609,0.9999838040287479,0.9999919020143739,1.0,0.9999927118129366,6.478388500852361e-06,9
2,1.0806135177612304,0.04690796494289439,0.030337429046630858,0.003435233154855873,0.0001,0.09798219139516953,16,0,"OrderedDict([('model__alpha', 0.0001), ('model__eta', 0.09798219139516953), ('model__max_depth', 16), ('model__min_child_weight', 0)])",1.0,0.9999878530215609,0.999983804028748,0.9999919020143739,1.0,0.9999927118129366,6.478388500821829e-06,9
2,1.0886334419250487,0.031047132781822872,0.029433393478393556,0.0032172019933097654,0.0005718515399379743,0.09798219139516953,16,0,"OrderedDict([('model__alpha', 0.0005718515399379743), ('model__eta', 0.09798219139516953), ('model__max_depth', 16), ('model__min_child_weight', 0)])",1.0,0.9999878530215609,0.999983804028748,0.9999919020143739,0.9999999999999999,0.9999927118129366,6.47838850079685e-06,9
2,0.9445353507995605,0.03164847156817032,0.0303438663482666,0.0031482164976328023,0.48927621508839597,0.09798219139516953,16,0,"OrderedDict([('model__alpha', 0.48927621508839597), ('model__eta', 0.09798219139516953), ('model__max_depth', 16), ('model__min_child_weight', 0)])",1.0,0.9999878530215609,0.9999838040287478,0.9999797550359348,1.0,0.9999902824172487,8.337386489317148e-06,37
2,1.044160747528076,0.028542191879707156,0.03344736099243164,0.004502011878283066,0.13819379000261509,0.09798219139516953,16,0,"OrderedDict([('model__alpha', 0.13819379000261509), ('model__eta', 0.09798219139516953), ('model__max_depth', 16), ('model__min_child_weight', 0)])",1.0,0.9999757060431218,0.9999838040287478,0.9999878530215609,1.0,0.9999894726186861,9.4437929261606e-06,40
2,1.0892704963684081,0.04110236321044211,0.03239755630493164,0.0021399527098833397,0.0182681566394413,0.09798219139516953,16,0,"OrderedDict([('model__alpha', 0.0182681566394413), ('model__eta', 0.09798219139516953), ('model__max_depth', 16), ('model__min_child_weight', 0)])",1.0,0.9999919020143739,0.9999797550359348,0.9999919020143739,1.0,0.9999927118129366,7.421926421621858e-06,9
2,1.086568260192871,0.04576355003826801,0.029507923126220702,0.003021854658156352,0.001103171135087718,0.09798219139516953,16,0,"OrderedDict([('model__alpha', 0.001103171135087718), ('model__eta', 0.09798219139516953), ('model__max_depth', 16), ('model__min_child_weight', 0)])",1.0,0.9999919020143739,0.9999838040287479,0.9999919020143738,1.0,0.9999935216114991,6.059977547157334e-06,4
2,1.080429697036743,0.035775080060054795,0.03385453224182129,0.002892349478040685,0.00010022653641269654,0.09798219139516953,16,0,"OrderedDict([('model__alpha', 0.00010022653641269654), ('model__eta', 0.09798219139516953), ('model__max_depth', 16), ('model__min_child_weight', 0)])",1.0,0.9999878530215609,0.999983804028748,0.9999919020143739,1.0,0.9999927118129366,6.478388500821829e-06,9
2,1.0584684371948243,0.033349768705844524,0.030563783645629884,0.0028290211773563984,0.10037252445504838,0.09798219139516953,16,0,"OrderedDict([('model__alpha', 0.10037252445504838), ('model__eta', 0.09798219139516953), ('model__max_depth', 16), ('model__min_child_weight', 0)])",1.0,0.9999797550359348,0.9999878530215608,0.9999919020143739,1.0,0.9999919020143739,7.68242371131313e-06,29
2,1.073801040649414,0.038830140225138345,0.03165335655212402,0.004993765056625713,0.0005149139599887552,0.09798219139516953,16,0,"OrderedDict([('model__alpha', 0.0005149139599887552), ('model__eta', 0.09798219139516953), ('model__max_depth', 16), ('model__min_child_weight', 0)])",1.0,0.9999878530215609,0.9999838040287479,0.9999919020143739,0.9999999999999999,0.9999927118129366,6.478388500827381e-06,9
2,1.0626720905303955,0.019498591555153565,0.034795188903808595,0.002504617540610252,0.06651289773917705,0.09798219139516953,16,0,"OrderedDict([('model__alpha', 0.06651289773917705), ('model__eta', 0.09798219139516953), ('model__max_depth', 16), ('model__min_child_weight', 0)])",0.9999999999999999,0.9999919020143739,0.9999878530215608,0.9999878530215609,0.9999999999999999,0.9999935216114991,5.492321071428651e-06,4
2,1.0880778789520265,0.03778826753500865,0.029151010513305663,0.003236092461696892,0.001010005236069918,0.09798219139516953,16,0,"OrderedDict([('model__alpha', 0.001010005236069918), ('model__eta', 0.09798219139516953), ('model__max_depth', 16), ('model__min_child_weight', 0)])",1.0,0.9999919020143739,0.9999838040287479,0.9999919020143739,1.0,0.9999935216114991,6.059977547151399e-06,4
2,1.0824930667877197,0.02354885128174673,0.03163928985595703,0.0033086046536659345,0.0002572398157262405,0.09798219139516953,16,0,"OrderedDict([('model__alpha', 0.0002572398157262405), ('model__eta', 0.09798219139516953), ('model__max_depth', 16), ('model__min_child_weight', 0)])",1.0,0.9999878530215609,0.999983804028748,0.9999919020143739,1.0,0.9999927118129366,6.478388500821829e-06,9
2,1.105301809310913,0.01805590778600088,0.031138896942138672,0.0019035664072592562,0.017562189007386604,0.09798219139516953,16,0,"OrderedDict([('model__alpha', 0.017562189007386604), ('model__eta', 0.09798219139516953), ('model__max_depth', 16), ('model__min_child_weight', 0)])",0.9999999999999999,0.9999797550359348,0.9999797550359347,0.9999878530215609,1.0,0.9999894726186861,9.08996632072512e-06,40
2,1.0759913921356201,0.02814558836896615,0.03283872604370117,0.0034060741314331762,0.055814130695582435,0.09798219139516953,16,0,"OrderedDict([('model__alpha', 0.055814130695582435), ('model__eta', 0.09798219139516953), ('model__max_depth', 16), ('model__min_child_weight', 0)])",1.0,0.9999919020143739,0.9999919020143739,0.9999878530215609,1.0,0.9999943314100618,4.858791375639271e-06,2
2,1.1159523487091065,0.03941909868310693,0.036214017868041994,0.0035647168492118153,0.0001000699645581565,0.09798219139516953,16,0,"OrderedDict([('model__alpha', 0.0001000699645581565), ('model__eta', 0.09798219139516953), ('model__max_depth', 16), ('model__min_child_weight', 0)])",1.0,0.9999878530215609,0.999983804028748,0.9999919020143739,1.0,0.9999927118129366,6.478388500821829e-06,9
2,1.05743408203125,0.04557505084845101,0.028126955032348633,0.0023395548845684053,0.0006966682548978744,0.09798219139516953,16,0,"OrderedDict([('model__alpha', 0.0006966682548978744), ('model__eta', 0.09798219139516953), ('model__max_depth', 16), ('model__min_child_weight', 0)])",1.0,0.9999878530215608,0.999983804028748,0.9999919020143739,0.9999999999999999,0.9999927118129366,6.478388500813503e-06,9
2,1.093576765060425,0.026263117062113237,0.032659482955932614,0.003005666361521178,0.0002373142112406936,0.09798219139516953,16,0,"OrderedDict([('model__alpha', 0.0002373142112406936), ('model__eta', 0.09798219139516953), ('model__max_depth', 16), ('model__min_child_weight', 0)])",1.0,0.9999878530215609,0.9999838040287479,0.9999919020143739,1.0,0.9999927118129366,6.478388500852361e-06,9
3,24.18585534095764,0.5405030666606597,0.042302417755126956,0.0077411067602269346,0.011233621690895234,0.09798219139516953,16,0,"OrderedDict([('model__alpha', 0.011233621690895234), ('model__eta', 0.09798219139516953), ('model__max_depth', 16), ('model__min_child_weight', 0)])",0.8296552835051548,0.843232234904271,0.8300349779086893,0.8589262702503682,0.8574222222222222,0.8438541977581412,0.012682472141278957,48
3,13.903988933563232,0.17009724511096247,0.03608427047729492,0.004237711550168403,1.537948446580078,0.09798219139516953,16,0,"OrderedDict([('model__alpha', 1.537948446580078), ('model__eta', 0.09798219139516953), ('model__max_depth', 16), ('model__min_child_weight', 0)])",0.8337571336524301,0.8483581093519883,0.8303513899116348,0.8615783781296024,0.8635068100358422,0.8475103642162995,0.013697413743248217,16
3,24.0338463306427,0.6834091335661143,0.037879133224487306,0.0053459718359120095,0.016755699440936588,0.09798219139516953,16,0,"OrderedDict([('model__alpha', 0.016755699440936588), ('model__eta', 0.09798219139516953), ('model__max_depth', 16), ('model__min_child_weight', 0)])",0.8305642488954346,0.8412992452135493,0.8314732142857142,0.8625506259204714,0.8606795698924732,0.8453133808415284,0.013845163575463417,23
3,15.689649724960328,0.11322909137562993,0.038341522216796875,0.0052353299051753465,1.1533999859559563,0.09798219139516953,16,0,"OrderedDict([('model__alpha', 1.1533999859559563), ('model__eta', 0.09798219139516953), ('model__max_depth', 16), ('model__min_child_weight', 0)])",0.8320715206185568,0.8472995673784978,0.8304491899852724,0.8632754970544918,0.8645562724014337,0.8475304094876506,0.014619072359634918,15
3,17.168978452682495,0.21001059577143208,0.0379124641418457,0.005937740447807803,0.9948719998234101,0.09798219139516953,16,0,"OrderedDict([('model__alpha', 0.9948719998234101), ('model__eta', 0.09798219139516953), ('model__max_depth', 16), ('model__min_child_weight', 0)])",0.8342921575846834,0.8497503221649484,0.8318701675257731,0.8669286174521355,0.8675956989247312,0.8500873927304543,0.015307762736292429,2
3,21.403553438186645,0.22373105678293698,0.04124031066894531,0.002142822075531199,0.4678860424711244,0.09798219139516953,16,0,"OrderedDict([('model__alpha', 0.4678860424711244), ('model__eta', 0.09798219139516953), ('model__max_depth', 16), ('model__min_child_weight', 0)])",0.8274058818114876,0.8453320600147276,0.8322958854933725,0.8643628037555228,0.8607598566308244,0.846031297541187,0.014758259797746916,20
3,27.47938756942749,0.5925870066533219,0.03991703987121582,0.008463050581189631,0.12172976749510152,0.09798219139516953,16,0,"OrderedDict([('model__alpha', 0.12172976749510152), ('model__eta', 0.09798219139516953), ('model__max_depth', 16), ('model__min_child_weight', 0)])",0.8225619016936672,0.8461950018409427,0.8327906388070692,0.8591909057437408,0.8610121863799283,0.8443501268930695,0.014897147572348857,40
3,24.900826597213744,0.3551268383105728,0.04141201972961426,0.007199811625146366,0.05212131190318165,0.09798219139516953,16,0,"OrderedDict([('model__alpha', 0.05212131190318165), ('model__eta', 0.09798219139516953), ('model__max_depth', 16), ('model__min_child_weight', 0)])",0.8253118096465389,0.8391994201030928,0.8269053755522828,0.861785484167894,0.860346953405018,0.8427098085749654,0.01574638735830125,50
3,5.142104816436768,0.1024110825829425,0.03242449760437012,0.004731574580671832,5.9894912052679325,0.09798219139516953,16,0,"OrderedDict([('model__alpha', 5.9894912052679325), ('model__eta', 0.09798219139516953), ('model__max_depth', 16), ('model__min_child_weight', 0)])",0.8411669274668632,0.8441987297496318,0.8316630614874817,0.8683841126656848,0.864189247311828,0.8499204157362978,0.014051333676281452,4
3,23.888533449172975,0.5304881990793967,0.03949103355407715,0.007778012963804427,0.00010426811836320536,0.09798219139516953,16,0,"OrderedDict([('model__alpha', 0.00010426811836320536), ('model__eta', 0.09798219139516953), ('model__max_depth', 16), ('model__min_child_weight', 0)])",0.8288096005154639,0.8393720084683357,0.8311970729013254,0.8621364138438882,0.8632774193548387,0.8449585030167703,0.014913324567944104,34
3,23.714347314834594,0.37680961577155336,0.04240503311157227,0.00690314608774291,0.0009855605341221574,0.09798219139516953,16,0,"OrderedDict([('model__alpha', 0.0009855605341221574), ('model__eta', 0.09798219139516953), ('model__max_depth', 16), ('model__min_child_weight', 0)])",0.8286312592047128,0.8416444219440352,0.8318298969072165,0.8597431885125184,0.8621304659498208,0.8447958465036608,0.01387986507651139,37
3,3.3084741115570067,0.08351315967088889,0.026337385177612305,0.002472822627861092,10.0,0.09798219139516953,16,0,"OrderedDict([('model__alpha', 10.0), ('model__eta', 0.09798219139516953), ('model__max_depth', 16), ('model__min_child_weight', 0)])",0.8368522183357879,0.8505039580265097,0.8314041789396172,0.8682633008100149,0.8626465949820789,0.8499340502188015,0.014229444624030028,3
3,3.336300420761108,0.11111719380908797,0.03006744384765625,0.004103772604900705,9.98711902169905,0.09798219139516953,16,0,"OrderedDict([('model__alpha', 9.98711902169905), ('model__eta', 0.09798219139516953), ('model__max_depth', 16), ('model__min_child_weight', 0)])",0.8371743832842415,0.8479151325478645,0.8303744016936672,0.8650876748895434,0.8615168458781363,0.8484136876586905,0.013429080114783746,12
3,23.38703808784485,0.6059595774892109,0.03986654281616211,0.005849145143381713,0.00010015210130531815,0.09798219139516953,16,0,"OrderedDict([('model__alpha', 0.00010015210130531815), ('model__eta', 0.09798219139516953), ('model__max_depth', 16), ('model__min_child_weight', 0)])",0.8288096005154639,0.8393720084683357,0.8311970729013254,0.8621364138438882,0.864636559139785,0.8452303309737597,0.015253261901197312,24
3,3.1947317600250242,0.059849928000228377,0.027034616470336913,0.003239239977684807,9.97754493335498,0.09798219139516953,16,0,"OrderedDict([('model__alpha', 9.97754493335498), ('model__eta', 0.09798219139516953), ('model__max_depth', 16), ('model__min_child_weight', 0)])",0.8371743832842415,0.8490542157584683,0.830190307437408,0.8694253958026509,0.8617749103942652,0.8495238425354067,0.014647018526803805,9
3,23.7569016456604,0.6341221199985907,0.0409273624420166,0.006448963920568315,0.001996439849375933,0.09798219139516953,16,0,"OrderedDict([('model__alpha', 0.001996439849375933), ('model__eta', 0.09798219139516953), ('model__max_depth', 16), ('model__min_child_weight', 0)])",0.8287290592783505,0.8451134480854198,0.8277970821060385,0.8626024024300443,0.8572845878136202,0.8443053159426948,0.014276130469173356,42
3,3.201281785964966,0.05845959556121882,0.026104259490966796,0.0032133198721141266,9.980168168061867,0.09798219139516953,16,0,"OrderedDict([('model__alpha', 9.980168168061867), ('model__eta', 0.09798219139516953), ('model__max_depth', 16), ('model__min_child_weight', 0)])",0.8371743832842415,0.8490484628129603,0.8303744016936672,0.8698050902061856,0.8617749103942652,0.849635449678264,0.014702323654593721,7
3,23.508932733535765,0.5752795163721943,0.04130024909973144,0.006647001521800475,0.0003899549027245586,0.09798219139516953,16,0,"OrderedDict([('model__alpha', 0.0003899549027245586), ('model__eta', 0.09798219139516953), ('model__max_depth', 16), ('model__min_child_weight', 0)])",0.8292295655375552,0.8426972109720179,0.8299429307805597,0.8638968151693667,0.8594637992831542,0.8450460643485307,0.014470696441762765,32
3,9.341426420211793,0.2207374904604093,0.032142019271850585,0.004657253908529086,2.915727166094203,0.09798219139516953,16,0,"OrderedDict([('model__alpha', 2.915727166094203), ('model__eta', 0.09798219139516953), ('model__max_depth', 16), ('model__min_child_weight', 0)])",0.8321635677466863,0.8439628589837997,0.8313639083210603,0.8647942746686303,0.8666494623655914,0.8477868144171536,0.01531974874569362,14
3,23.69819040298462,0.7537970910083451,0.03854193687438965,0.007818415655499126,0.00010008938426698809,0.09798219139516953,16,0,"OrderedDict([('model__alpha', 0.00010008938426698809), ('model__eta', 0.09798219139516953), ('model__max_depth', 16), ('model__min_child_weight', 0)])",0.8288096005154639,0.8393720084683357,0.8311970729013254,0.8621364138438882,0.864636559139785,0.8452303309737597,0.015253261901197312,24
3,3.402643394470215,0.03108436801972569,0.029369544982910157,0.0021966030463789338,9.99316690141573,0.09798219139516953,16,0,"OrderedDict([('model__alpha', 9.99316690141573), ('model__eta', 0.09798219139516953), ('model__max_depth', 16), ('model__min_child_weight', 0)])",0.8368694771723122,0.8479208854933726,0.8303801546391752,0.8687465482326951,0.8626408602150538,0.8493115851505217,0.014632337622096895,11
3,22.302705097198487,0.30152958558561327,0.03772134780883789,0.006092064032045403,0.26120299903283795,0.09798219139516953,16,0,"OrderedDict([('model__alpha', 0.26120299903283795), ('model__eta', 0.09798219139516953), ('model__max_depth', 16), ('model__min_child_weight', 0)])",0.8255131627393225,0.8458498251104566,0.8325260033136967,0.8633157676730486,0.8588387096774194,0.8452086937027887,0.0145795684994685,29
3,23.81135039329529,0.33830130221006427,0.03923492431640625,0.005406153246520406,0.0037757305252289755,0.09798219139516953,16,0,"OrderedDict([('model__alpha', 0.0037757305252289755), ('model__eta', 0.09798219139516953), ('model__max_depth', 16), ('model__min_child_weight', 0)])",0.8269974226804124,0.8424268225331369,0.8292755891016201,0.8615093427835052,0.8622566308243728,0.8444931615846094,0.015146196956201105,39
3,10.13238458633423,0.197896036145364,0.03468198776245117,0.004037416932603742,2.6779688945639584,0.09798219139516953,16,0,"OrderedDict([('model__alpha', 2.6779688945639584), ('model__eta', 0.09798219139516953), ('model__max_depth', 16), ('model__min_child_weight', 0)])",0.8279063880706922,0.8462985548600884,0.8284356590574373,0.8647540040500736,0.8666379928315412,0.8468065197739666,0.016795005481960314,18
3,3.4339958667755126,0.0516612155257444,0.028744888305664063,0.0030428918835853453,9.996949656609129,0.09798219139516953,16,0,"OrderedDict([('model__alpha', 9.996949656609129), ('model__eta', 0.09798219139516953), ('model__max_depth', 16), ('model__min_child_weight', 0)])",0.836857971281296,0.8504924521354934,0.8310474963181149,0.8681137242268042,0.8626523297491041,0.8498327947421626,0.014284267494095705,6
3,23.645371770858766,0.4971991532957943,0.044417381286621094,0.007329702264868716,0.00010010013096029024,0.09798219139516953,16,0,"OrderedDict([('model__alpha', 0.00010010013096029024), ('model__eta', 0.09798219139516953), ('model__max_depth', 16), ('model__min_child_weight', 0)])",0.8288096005154639,0.8393720084683357,0.8311970729013254,0.8621364138438882,0.864636559139785,0.8452303309737597,0.015253261901197312,24
3,3.2257809162139894,0.06808650064427796,0.028014755249023436,0.0035012405355293505,9.980259105855124,0.09798219139516953,16,0,"OrderedDict([('model__alpha', 9.980259105855124), ('model__eta', 0.09798219139516953), ('model__max_depth', 16), ('model__min_child_weight', 0)])",0.8371743832842415,0.8490484628129603,0.8303744016936672,0.8698050902061856,0.8617749103942652,0.849635449678264,0.014702323654593721,7
3,23.68365125656128,0.741730681605588,0.041028499603271484,0.008436158994022575,0.0006898312062571351,0.09798219139516953,16,0,"OrderedDict([('model__alpha', 0.0006898312062571351), ('model__eta', 0.09798219139516953), ('model__max_depth', 16), ('model__min_child_weight', 0)])",0.8272793170103093,0.8426281756259205,0.8312028258468336,0.8618717783505153,0.860031541218638,0.8446027276104434,0.014281632822996142,38
3,24.561335134506226,0.4978887635849292,0.03895478248596192,0.006281145821075472,0.07759615602209512,0.09798219139516953,16,0,"OrderedDict([('model__alpha', 0.07759615602209512), ('model__eta', 0.09798219139516953), ('model__max_depth', 16), ('model__min_child_weight', 0)])",0.8297013070692194,0.845590942562592,0.8284874355670103,0.8623262610456554,0.8589075268817205,0.8450026946252395,0.014146961455656687,33
3,3.22607102394104,0.0528813946661075,0.02950139045715332,0.0021354898878424857,9.98369426090746,0.09798219139516953,16,0,"OrderedDict([('model__alpha', 9.98369426090746), ('model__eta', 0.09798219139516953), ('model__max_depth', 16), ('model__min_child_weight', 0)])",0.8371743832842415,0.8484961800441826,0.8303744016936672,0.8694541605301915,0.8617863799283154,0.8494571010961197,0.014613907383930405,10
3,23.540522575378418,0.5822564874811147,0.039109230041503906,0.007805548258429595,0.00010000338684807407,0.09798219139516953,16,0,"OrderedDict([('model__alpha', 0.00010000338684807407), ('model__eta', 0.09798219139516953), ('model__max_depth', 16), ('model__min_child_weight', 0)])",0.8288096005154639,0.8393720084683357,0.8311970729013254,0.8621364138438882,0.864636559139785,0.8452303309737597,0.015253261901197312,24
3,3.35212984085083,0.07736429854306336,0.028638267517089845,0.004127191435018195,9.602460376064478,0.09798219139516953,16,0,"OrderedDict([('model__alpha', 9.602460376064478), ('model__eta', 0.09798219139516953), ('model__max_depth', 16), ('model__min_child_weight', 0)])",0.8372606774668631,0.8509469348306332,0.8337456277614137,0.8691032308541973,0.8653189964157706,0.8512750934657756,0.014274924900468732,1
3,23.65201759338379,0.4936501355835204,0.04114298820495606,0.008355517143239125,0.00021612025915961804,0.09798219139516953,16,0,"OrderedDict([('model__alpha', 0.00021612025915961804), ('model__eta', 0.09798219139516953), ('model__max_depth', 16), ('model__min_child_weight', 0)])",0.8288038475699557,0.8396078792341679,0.8281595176730485,0.8638968151693667,0.8596702508960574,0.8440276621085193,0.015116685118883342,47
3,23.69828042984009,0.3899959770663851,0.03993468284606934,0.007431097015346972,0.09978279422684257,0.09798219139516953,16,0,"OrderedDict([('model__alpha', 0.09978279422684257), ('model__eta', 0.09798219139516953), ('model__max_depth', 16), ('model__min_child_weight', 0)])",0.8268708578792343,0.8452285069955817,0.83180400865243,0.8611929307805596,0.8561261648745521,0.8442444938364716,0.013311655054058125,43
3,9.327038288116455,0.1387803492326383,0.03561983108520508,0.0043302807639884425,2.996748164263362,0.09798219139516953,16,0,"OrderedDict([('model__alpha', 2.996748164263362), ('model__eta', 0.09798219139516953), ('model__max_depth', 16), ('model__min_child_weight', 0)])",0.8329747330633285,0.8504061579528719,0.8317953792341679,0.8625563788659794,0.8634494623655914,0.8482364222963877,0.013743598890694158,13
3,20.264579820632935,0.21588170279020968,0.04270920753479004,0.005940926411958463,0.48927621508839597,0.09798219139516953,16,0,"OrderedDict([('model__alpha', 0.48927621508839597), ('model__eta', 0.09798219139516953), ('model__max_depth', 16), ('model__min_child_weight', 0)])",0.8296667893961708,0.8447337536818851,0.8296437776141385,0.8645468980117821,0.8595670250896059,0.8456316487587164,0.014582704423800144,22
3,23.578040838241577,0.5354775956214927,0.03869376182556152,0.007906747885728581,0.0007551103099332659,0.09798219139516953,16,0,"OrderedDict([('model__alpha', 0.0007551103099332659), ('model__eta', 0.09798219139516953), ('model__max_depth', 16), ('model__min_child_weight', 0)])",0.8293388715022091,0.8425936579528719,0.8314214377761415,0.8618717783505153,0.860031541218638,0.8450514573600753,0.013755214842061122,31
3,24.69287962913513,0.38414924990912724,0.04049825668334961,0.006505308517115886,0.0182681566394413,0.09798219139516953,16,0,"OrderedDict([('model__alpha', 0.0182681566394413), ('model__eta', 0.09798219139516953), ('model__max_depth', 16), ('model__min_child_weight', 0)])",0.8295862481590575,0.8405398564064801,0.8302650957290132,0.8643340390279823,0.8562064516129032,0.8441863381870872,0.01393322235323218,45
3,24.050390768051148,0.5413843366168224,0.04297170639038086,0.007909643669952822,0.001103171135087718,0.09798219139516953,16,0,"OrderedDict([('model__alpha', 0.001103171135087718), ('model__eta', 0.09798219139516953), ('model__max_depth', 16), ('model__min_child_weight', 0)])",0.8284471649484537,0.8439110824742269,0.8310129786450663,0.859956047496318,0.8608917562724014,0.8448438059672932,0.013761745145578541,36
3,13.690879964828492,0.18126616312288082,0.035788869857788085,0.0025007617160828577,1.6228871841910648,0.09798219139516953,16,0,"OrderedDict([('model__alpha', 1.6228871841910648), ('model__eta', 0.09798219139516953), ('model__max_depth', 16), ('model__min_child_weight', 0)])",0.8308346373343152,0.8460914488217969,0.8319967323269514,0.8575685751104566,0.864510394265233,0.8462003575717507,0.013433942112050817,19
3,23.803630065917968,0.44926025963932126,0.03900504112243652,0.00657942693008853,0.10037252445504838,0.09798219139516953,16,0,"OrderedDict([('model__alpha', 0.10037252445504838), ('model__eta', 0.09798219139516953), ('model__max_depth', 16), ('model__min_child_weight', 0)])",0.8289908182989691,0.8453665776877762,0.8312200846833578,0.8623665316642121,0.8581103942652331,0.8452108813199096,0.01356149585591595,28
3,23.87904300689697,0.5111262221792322,0.04063901901245117,0.007362510606224665,0.0005149139599887552,0.09798219139516953,16,0,"OrderedDict([('model__alpha', 0.0005149139599887552), ('model__eta', 0.09798219139516953), ('model__max_depth', 16), ('model__min_child_weight', 0)])",0.8272275405007363,0.8409713273195876,0.8298048600883652,0.8647482511045655,0.8582824372759857,0.8442068832578482,0.01500835892427342,44
3,24.149692869186403,0.4594515474630144,0.03968997001647949,0.005701097624389994,0.06651289773917705,0.09798219139516953,16,0,"OrderedDict([('model__alpha', 0.06651289773917705), ('model__eta', 0.09798219139516953), ('model__max_depth', 16), ('model__min_child_weight', 0)])",0.8245351620029454,0.841443068851252,0.8309554491899853,0.8617222017673049,0.8620903225806452,0.8441492408784267,0.015471282838471868,46
3,23.742197275161743,0.4627258080170185,0.04045572280883789,0.0077362056117673715,0.001010005236069918,0.09798219139516953,16,0,"OrderedDict([('model__alpha', 0.001010005236069918), ('model__eta', 0.09798219139516953), ('model__max_depth', 16), ('model__min_child_weight', 0)])",0.8291835419734905,0.8416444219440352,0.8318298969072165,0.8597489414580266,0.8621304659498208,0.844907453646518,0.013753640810498898,35
3,21.137471914291382,0.26402209274300203,0.03931703567504883,0.006350097150764895,0.3765212909594646,0.09798219139516953,16,0,"OrderedDict([('model__alpha', 0.3765212909594646), ('model__eta', 0.09798219139516953), ('model__max_depth', 16), ('model__min_child_weight', 0)])",0.8291892949189985,0.8449120949926363,0.8322326030927836,0.862303249263623,0.8571584229390681,0.8451591330414219,0.013115606071052086,30
3,24.10786156654358,0.5607556274639519,0.04042348861694336,0.007301550310227782,0.017562189007386604,0.09798219139516953,16,0,"OrderedDict([('model__alpha', 0.017562189007386604), ('model__eta', 0.09798219139516953), ('model__max_depth', 16), ('model__min_child_weight', 0)])",0.8266867636229749,0.8420471281296024,0.8281422588365244,0.8638565445508101,0.860983512544803,0.844343241536943,0.015729989213544276,41
3,24.880717468261718,0.271293295972704,0.040488386154174806,0.007031250910303082,0.055814130695582435,0.09798219139516953,16,0,"OrderedDict([('model__alpha', 0.055814130695582435), ('model__eta', 0.09798219139516953), ('model__max_depth', 16), ('model__min_child_weight', 0)])",0.827031940353461,0.8383479841678938,0.8311280375552282,0.8602494477172313,0.8589362007168458,0.8431387221021321,0.01392101571866552,49
3,24.65696997642517,0.39142237957804277,0.040088844299316403,0.0077635587342976915,0.07304091773848666,0.09798219139516953,16,0,"OrderedDict([('model__alpha', 0.07304091773848666), ('model__eta', 0.09798219139516953), ('model__max_depth', 16), ('model__min_child_weight', 0)])",0.8295862481590575,0.8452917893961707,0.8353737113402062,0.8644836156111929,0.8600430107526882,0.8469556750518631,0.013543370669632916,17
3,15.392818212509155,0.1611050733367757,0.03806071281433106,0.006617962690035768,1.221528349830678,0.09798219139516953,16,0,"OrderedDict([('model__alpha', 1.221528349830678), ('model__eta', 0.09798219139516953), ('model__max_depth', 16), ('model__min_child_weight', 0)])",0.8340908044918998,0.8468335787923417,0.8331358155375552,0.8672853000736378,0.8678193548387096,0.8498329707468288,0.015255824816830469,5
3,24.049935007095335,0.4067685262254261,0.04091048240661621,0.007509727070471722,0.004570282376534009,0.09798219139516953,16,0,"OrderedDict([('model__alpha', 0.004570282376534009), ('model__eta', 0.09798219139516953), ('model__max_depth', 16), ('model__min_child_weight', 0)])",0.8291375184094256,0.8416386689985272,0.8338779455081002,0.8614288015463918,0.8634781362007169,0.8459122141326324,0.014098250451865713,21
