dataset,mean_fit_time,std_fit_time,mean_score_time,std_score_time,param_model__max_features,param_model__max_samples,param_model__min_samples_leaf,param_model__n_estimators,params,split0_test_score,split1_test_score,split2_test_score,split3_test_score,split4_test_score,mean_test_score,std_test_score,rank_test_score
0,3.1850776195526125,0.05778931478702324,0.046550416946411134,0.004517218923240339,0.49816568848070625,0.738105348394507,3,226,"OrderedDict([('model__max_features', 0.49816568848070625), ('model__max_samples', 0.738105348394507), ('model__min_samples_leaf', 3), ('model__n_estimators', 226)])",0.9328048320120801,0.9421068424465933,0.9098305117557666,0.9132425395166051,0.9256323140807852,0.924723407962366,0.01201605606811346,22
0,6.472982263565063,0.06420762847746814,0.08684964179992676,0.003482415904180866,0.49816568848070625,0.738105348394507,3,480,"OrderedDict([('model__max_features', 0.49816568848070625), ('model__max_samples', 0.738105348394507), ('model__min_samples_leaf', 3), ('model__n_estimators', 480)])",0.9323111769317886,0.9414486356728712,0.9109194567858215,0.9122019920434418,0.9270939202989034,0.9247950363465651,0.011749349600818382,20
0,3.6000648498535157,0.04999506842559102,0.05387978553771973,0.005312091319112968,0.49816568848070625,0.738105348394507,3,273,"OrderedDict([('model__max_features', 0.49816568848070625), ('model__max_samples', 0.738105348394507), ('model__min_samples_leaf', 3), ('model__n_estimators', 273)])",0.9323789335114364,0.9408388264560406,0.9092061832718684,0.9135232453465748,0.9257678272400809,0.9243430031652002,0.011703922094352994,39
0,5.4712255001068115,0.0829244480738345,0.07512598037719727,0.005380309830058674,0.49816568848070625,0.738105348394507,3,421,"OrderedDict([('model__max_features', 0.49816568848070625), ('model__max_samples', 0.738105348394507), ('model__min_samples_leaf', 3), ('model__n_estimators', 421)])",0.933898616797824,0.9405194025805577,0.910319327080369,0.9137652331310314,0.9268422530030684,0.9250689665185702,0.011533858812809297,6
0,4.985831880569458,0.0467488197750111,0.07137718200683593,0.005235851521445436,0.49816568848070625,0.738105348394507,3,386,"OrderedDict([('model__max_features', 0.49816568848070625), ('model__max_samples', 0.738105348394507), ('model__min_samples_leaf', 3), ('model__n_estimators', 386)])",0.9334146412289108,0.9399192728751053,0.9108129821606605,0.9137265150855185,0.9268132144689336,0.9249373251638258,0.01118053606459745,14
0,2.27288556098938,0.024059927926806158,0.03884873390197754,0.0032844402738539985,0.49816568848070625,0.738105348394507,3,175,"OrderedDict([('model__max_features', 0.49816568848070625), ('model__max_samples', 0.738105348394507), ('model__min_samples_leaf', 3), ('model__n_estimators', 175)])",0.9325241261821102,0.9374316384508912,0.9100773392959123,0.9114905479571389,0.9260388535586723,0.9235125010889451,0.011012403534470545,47
0,5.8442347049713135,0.08077935600801245,0.07925677299499512,0.00557903290596981,0.49816568848070625,0.738105348394507,3,450,"OrderedDict([('model__max_features', 0.49816568848070625), ('model__max_samples', 0.738105348394507), ('model__min_samples_leaf', 3), ('model__n_estimators', 450)])",0.9333904424504651,0.9402096582164533,0.910793623137904,0.9139927016484207,0.9267454578892856,0.9250263766685057,0.011204982219749662,9
0,5.7256707668304445,0.06560790621734143,0.08770112991333008,0.008799550120900116,0.49816568848070625,0.738105348394507,3,435,"OrderedDict([('model__max_features', 0.49816568848070625), ('model__max_samples', 0.738105348394507), ('model__min_samples_leaf', 3), ('model__n_estimators', 435)])",0.9323402154659233,0.9409840191267145,0.9105613148648257,0.9138136306879228,0.9272003949240643,0.92497991501389,0.011382599335272695,11
0,3.6006258487701417,0.061045487967307195,0.04907636642456055,0.002368351979617667,0.49816568848070625,0.738105348394507,3,266,"OrderedDict([('model__max_features', 0.49816568848070625), ('model__max_samples', 0.738105348394507), ('model__min_samples_leaf', 3), ('model__n_estimators', 266)])",0.9336759880361241,0.9405000435578013,0.9082188731112854,0.913895906534638,0.9277521270726253,0.9248085876624949,0.012065009242006168,19
0,2.656911754608154,0.047007610362868095,0.040217256546020506,0.0022754824200971135,0.49816568848070625,0.738105348394507,3,202,"OrderedDict([('model__max_features', 0.49816568848070625), ('model__max_samples', 0.738105348394507), ('model__min_samples_leaf', 3), ('model__n_estimators', 202)])",0.932475728625219,0.9399095933637269,0.9042212349120615,0.9117906128098654,0.9265034701048291,0.9229801279631402,0.013162738988507746,49
0,1.3157580852508546,0.014305578548224175,0.027409934997558595,0.001314759271533332,0.49816568848070625,0.738105348394507,3,100,"OrderedDict([('model__max_features', 0.49816568848070625), ('model__max_samples', 0.738105348394507), ('model__min_samples_leaf', 3), ('model__n_estimators', 100)])",0.9264357135251813,0.9410178974165384,0.9127876024818267,0.9091674652263553,0.9283667760451452,0.9235550909390093,0.011483400989595294,45
0,4.736236333847046,0.04677063973185694,0.0688708782196045,0.003912059881409012,0.49816568848070625,0.738105348394507,3,363,"OrderedDict([('model__max_features', 0.49816568848070625), ('model__max_samples', 0.738105348394507), ('model__min_samples_leaf', 3), ('model__n_estimators', 363)])",0.9336372699906108,0.9424746638789674,0.9103967631713951,0.9111566048145889,0.9264937905934507,0.9248318184898027,0.012545520411211326,17
0,6.4877830982208256,0.05107079068229897,0.09230995178222656,0.003140733278448739,0.49816568848070625,0.738105348394507,3,500,"OrderedDict([('model__max_features', 0.49816568848070625), ('model__max_samples', 0.738105348394507), ('model__min_samples_leaf', 3), ('model__n_estimators', 500)])",0.932737075432432,0.9404903640464229,0.9099708646707514,0.9113017974852629,0.9248869917046588,0.9238774186679055,0.011891519684686706,44
0,4.19234938621521,0.04407058900817981,0.0602269172668457,0.005233311346778866,0.49816568848070625,0.738105348394507,3,323,"OrderedDict([('model__max_features', 0.49816568848070625), ('model__max_samples', 0.738105348394507), ('model__min_samples_leaf', 3), ('model__n_estimators', 323)])",0.9341696431164155,0.940780749387771,0.9087028486801986,0.9111662843259672,0.9271423178557946,0.9243923686732295,0.012592272894608321,35
0,5.50286979675293,0.06547757746440828,0.07737555503845214,0.00989513991091614,0.49816568848070625,0.738105348394507,3,409,"OrderedDict([('model__max_features', 0.49816568848070625), ('model__max_samples', 0.738105348394507), ('model__min_samples_leaf', 3), ('model__n_estimators', 409)])",0.9312173921460445,0.9390481168510614,0.9119358054805393,0.9127004868794223,0.928216743618782,0.9246237089951699,0.010654540989753943,27
0,5.3121349811553955,0.0960633332506538,0.07274813652038574,0.006538704655058376,0.49816568848070625,0.738105348394507,3,407,"OrderedDict([('model__max_features', 0.49816568848070625), ('model__max_samples', 0.738105348394507), ('model__min_samples_leaf', 3), ('model__n_estimators', 407)])",0.9336759880361238,0.939870875318214,0.910319327080369,0.9139975414041097,0.925845263331107,0.9247417990339848,0.011254981875284877,21
0,3.2159298419952393,0.03612130543885306,0.04781794548034668,0.002776851244217804,0.49816568848070625,0.738105348394507,3,246,"OrderedDict([('model__max_features', 0.49816568848070625), ('model__max_samples', 0.738105348394507), ('model__min_samples_leaf', 3), ('model__n_estimators', 246)])",0.929049181597313,0.942242355605889,0.9094191325221903,0.9124149412937634,0.923802886430293,0.9233856994898897,0.011859553808322664,48
0,5.1113584518432615,0.06778094194116346,0.07086648941040039,0.0077991303146094796,0.49816568848070625,0.738105348394507,3,392,"OrderedDict([('model__max_features', 0.49816568848070625), ('model__max_samples', 0.738105348394507), ('model__min_samples_leaf', 3), ('model__n_estimators', 392)])",0.9320691891473318,0.9398611958068357,0.9103677246372605,0.9135764826591553,0.9254000058077069,0.924254919611658,0.011070800219118942,41
0,5.540682125091553,0.09184873569961396,0.07547240257263184,0.0056912394150195,0.49816568848070625,0.738105348394507,3,425,"OrderedDict([('model__max_features', 0.49816568848070625), ('model__max_samples', 0.738105348394507), ('model__min_samples_leaf', 3), ('model__n_estimators', 425)])",0.9326789983641626,0.939619208022379,0.9102806090348559,0.9126714483452876,0.9271423178557945,0.924478516324496,0.011354045226633988,33
0,5.2537847518920895,0.06606433251452087,0.06903314590454102,0.005642990287836341,0.49816568848070625,0.738105348394507,3,390,"OrderedDict([('model__max_features', 0.49816568848070625), ('model__max_samples', 0.738105348394507), ('model__min_samples_leaf', 3), ('model__n_estimators', 390)])",0.933240410024102,0.9406065181829621,0.9092061832718684,0.9132086612267812,0.9263582774341551,0.9245240100279737,0.011837737700995547,31
0,4.39541015625,0.043280132088760116,0.06246099472045898,0.003939907330870901,0.49816568848070625,0.738105348394507,3,340,"OrderedDict([('model__max_features', 0.49816568848070625), ('model__max_samples', 0.738105348394507), ('model__min_samples_leaf', 3), ('model__n_estimators', 340)])",0.9341793226277938,0.9393191431696528,0.9132135009824704,0.9121777932649962,0.9262711618317507,0.9250321843753329,0.010901734200538622,7
0,2.5727379322052,0.03866016963888251,0.04140324592590332,0.0025943953251198293,0.49816568848070625,0.738105348394507,3,198,"OrderedDict([('model__max_features', 0.49816568848070625), ('model__max_samples', 0.738105348394507), ('model__min_samples_leaf', 3), ('model__n_estimators', 198)])",0.9307334165771313,0.9391158734307092,0.9096030432383774,0.9138329897106794,0.9244610932040151,0.9235492832321824,0.010804312745495846,46
0,3.7588099956512453,0.046943438625191146,0.05550827980041504,0.00654525852888409,0.49816568848070625,0.738105348394507,3,284,"OrderedDict([('model__max_features', 0.49816568848070625), ('model__max_samples', 0.738105348394507), ('model__min_samples_leaf', 3), ('model__n_estimators', 284)])",0.9317013677149578,0.9409453010812014,0.908644771611929,0.9134458092555486,0.9267938554461771,0.9243062210219628,0.011840312886206333,40
0,5.094451189041138,0.08656009451558055,0.0711782455444336,0.006256957672559185,0.49816568848070625,0.738105348394507,3,375,"OrderedDict([('model__max_features', 0.49816568848070625), ('model__max_samples', 0.738105348394507), ('model__min_samples_leaf', 3), ('model__n_estimators', 375)])",0.9335501543882065,0.9411679298429015,0.9134651682783054,0.9124584990949656,0.9272875105264685,0.9255858524261695,0.011210399389392037,1
0,3.882912111282349,0.026865534838724687,0.06115636825561523,0.00703327199539149,0.49816568848070625,0.738105348394507,3,296,"OrderedDict([('model__max_features', 0.49816568848070625), ('model__max_samples', 0.738105348394507), ('model__min_samples_leaf', 3), ('model__n_estimators', 296)])",0.9326499598300279,0.9410517757063623,0.9105709943762039,0.9141088557849599,0.9278876402319212,0.9252538451858949,0.01141061692941922,3
0,4.639860391616821,0.05428268624790044,0.06558122634887695,0.006054927892867342,0.49816568848070625,0.738105348394507,3,356,"OrderedDict([('model__max_features', 0.49816568848070625), ('model__max_samples', 0.738105348394507), ('model__min_samples_leaf', 3), ('model__n_estimators', 356)])",0.9340534889798762,0.9415551102980322,0.9104064426827734,0.9139878618927317,0.9249353892615501,0.9249876586229927,0.011749722154613444,10
0,4.6833775520324705,0.07473960008329911,0.07259392738342285,0.01049233786063433,0.49816568848070625,0.738105348394507,3,355,"OrderedDict([('model__max_features', 0.49816568848070625), ('model__max_samples', 0.738105348394507), ('model__min_samples_leaf', 3), ('model__n_estimators', 355)])",0.9344213104122504,0.9409549805925796,0.9097869539545643,0.9124246208051416,0.9271035998102815,0.9249382931149635,0.012143356380606683,13
0,3.3097299098968507,0.037673775180979,0.04803471565246582,0.00604250705635177,0.49816568848070625,0.738105348394507,3,217,"OrderedDict([('model__max_features', 0.49816568848070625), ('model__max_samples', 0.738105348394507), ('model__min_samples_leaf', 3), ('model__n_estimators', 217)])",0.9322240613293842,0.9405387616033143,0.9118825681679589,0.9141620930975405,0.9253419287394372,0.9248298825875271,0.010799441038708295,18
0,2.6009793281555176,0.027891772247467545,0.04593205451965332,0.0060976194479006075,0.49816568848070625,0.738105348394507,3,199,"OrderedDict([('model__max_features', 0.49816568848070625), ('model__max_samples', 0.738105348394507), ('model__min_samples_leaf', 3), ('model__n_estimators', 199)])",0.9328532295689713,0.9411872888656582,0.908426982605918,0.9144379591718208,0.9257484682173244,0.9245307856859384,0.01191119256660422,30
0,2.180860662460327,0.03984869991825312,0.03935375213623047,0.004605862030785006,0.49816568848070625,0.738105348394507,3,166,"OrderedDict([('model__max_features', 0.49816568848070625), ('model__max_samples', 0.738105348394507), ('model__min_samples_leaf', 3), ('model__n_estimators', 166)])",0.9315948930897968,0.9414292766501148,0.9079623660597613,0.9120084018158763,0.9272778310150903,0.9240545537261278,0.012435397143803411,43
0,1.4244954109191894,0.03260056572625021,0.026321792602539064,0.003036320685745898,0.49816568848070625,0.738105348394507,3,105,"OrderedDict([('model__max_features', 0.49816568848070625), ('model__max_samples', 0.738105348394507), ('model__min_samples_leaf', 3), ('model__n_estimators', 105)])",0.932732235676743,0.9365604824268471,0.9099466658923058,0.9086447716119289,0.9258259043083505,0.922742011983235,0.011512759481490581,50
0,4.911396884918213,0.057386185765471075,0.06632652282714843,0.006003874910208866,0.49816568848070625,0.738105348394507,3,365,"OrderedDict([('model__max_features', 0.49816568848070625), ('model__max_samples', 0.738105348394507), ('model__min_samples_leaf', 3), ('model__n_estimators', 365)])",0.9326886778755409,0.9398515162954574,0.9105225968193125,0.9119600042589849,0.9267648169120423,0.9243575224322675,0.011492351257578007,37
0,4.832325458526611,0.07177049769574931,0.06980762481689454,0.0057608018317968366,0.49816568848070625,0.738105348394507,3,370,"OrderedDict([('model__max_features', 0.49816568848070625), ('model__max_samples', 0.738105348394507), ('model__min_samples_leaf', 3), ('model__n_estimators', 370)])",0.9352150303452682,0.9391255529420874,0.9091771447377338,0.9120326005943221,0.926861612025825,0.9244823881290474,0.012037610028252332,32
0,3.654832649230957,0.04937262324434593,0.055029296875,0.003637943492749456,0.49816568848070625,0.738105348394507,3,279,"OrderedDict([('model__max_features', 0.49816568848070625), ('model__max_samples', 0.738105348394507), ('model__min_samples_leaf', 3), ('model__n_estimators', 279)])",0.9327080368982974,0.942319791696915,0.9096030432383774,0.9122407100889546,0.9264453930365595,0.9246633949918207,0.012335132104488396,24
0,4.304302453994751,0.06389551013055346,0.06258058547973633,0.005669188178144132,0.49816568848070625,0.738105348394507,3,328,"OrderedDict([('model__max_features', 0.49816568848070625), ('model__max_samples', 0.738105348394507), ('model__min_samples_leaf', 3), ('model__n_estimators', 328)])",0.9328338705462149,0.9409453010812014,0.9102031729438297,0.9147525432916147,0.9261162896496985,0.924970235502512,0.011320956560122757,12
0,4.777909803390503,0.06313857826328836,0.06502141952514648,0.0021626697622295398,0.49816568848070625,0.738105348394507,3,367,"OrderedDict([('model__max_features', 0.49816568848070625), ('model__max_samples', 0.738105348394507), ('model__min_samples_leaf', 3), ('model__n_estimators', 367)])",0.9336953470588805,0.9408678649901753,0.9105129173079343,0.9127295254135572,0.9276553319588428,0.925092197345878,0.011788524906728718,5
0,4.755618524551392,0.06654235311942454,0.06729421615600586,0.004964014519054876,0.49816568848070625,0.738105348394507,3,366,"OrderedDict([('model__max_features', 0.49816568848070625), ('model__max_samples', 0.738105348394507), ('model__min_samples_leaf', 3), ('model__n_estimators', 366)])",0.9333565641606412,0.9408291469446622,0.9086738101460637,0.9143798821035515,0.9272003949240641,0.9248879596557966,0.011870167728183632,16
0,5.719601345062256,0.08700856802881644,0.07717185020446778,0.008543263152765818,0.49816568848070625,0.738105348394507,3,436,"OrderedDict([('model__max_features', 0.49816568848070625), ('model__max_samples', 0.738105348394507), ('model__min_samples_leaf', 3), ('model__n_estimators', 436)])",0.9320498301245752,0.9413518405590886,0.9093900939880555,0.9128892373512985,0.9266196242413682,0.9244601252528772,0.01190452343490047,34
0,4.016769313812256,0.02742790681190163,0.05957841873168945,0.002961521698489706,0.49816568848070625,0.738105348394507,3,306,"OrderedDict([('model__max_features', 0.49816568848070625), ('model__max_samples', 0.738105348394507), ('model__min_samples_leaf', 3), ('model__n_estimators', 306)])",0.9325822032503799,0.9409259420584449,0.910938815808578,0.9112630794397498,0.9274327031971425,0.924628548750859,0.011855576650805989,25
0,5.5956014633178714,0.07554717099666468,0.07555575370788574,0.004670174845232766,0.49816568848070625,0.738105348394507,3,426,"OrderedDict([('model__max_features', 0.49816568848070625), ('model__max_samples', 0.738105348394507), ('model__min_samples_leaf', 3), ('model__n_estimators', 426)])",0.9350698376745943,0.9414873537183843,0.910212852455208,0.9114373106445587,0.9292040537793652,0.9254822816544221,0.01258850133018449,2
0,1.5757149696350097,0.02964605220695346,0.029872655868530273,0.0026736198994673785,0.49816568848070625,0.738105348394507,3,114,"OrderedDict([('model__max_features', 0.49816568848070625), ('model__max_samples', 0.738105348394507), ('model__min_samples_leaf', 3), ('model__n_estimators', 114)])",0.9309173272933182,0.9402628955290337,0.9141088557849599,0.9100773392959124,0.9254145250747743,0.9241561885955998,0.011008045327261377,42
0,4.482784080505371,0.0648575266664434,0.06750221252441406,0.005216005744067759,0.49816568848070625,0.738105348394507,3,331,"OrderedDict([('model__max_features', 0.49816568848070625), ('model__max_samples', 0.738105348394507), ('model__min_samples_leaf', 3), ('model__n_estimators', 331)])",0.9329693837055105,0.940054786034401,0.9100773392959123,0.9131021866016203,0.9256032755466505,0.9243613942368188,0.011425640289459343,36
0,1.8040486812591552,0.01644729580740326,0.037158966064453125,0.0012680739450647183,0.49816568848070625,0.738105348394507,3,130,"OrderedDict([('model__max_features', 0.49816568848070625), ('model__max_samples', 0.738105348394507), ('model__min_samples_leaf', 3), ('model__n_estimators', 130)])",0.9355489734878184,0.938709333952822,0.9089399967089661,0.9116938176960828,0.9286329626080476,0.9247050168907475,0.012222669220980678,23
0,6.325819253921509,0.10768953879560965,0.0827937126159668,0.008068722826216906,0.49816568848070625,0.738105348394507,3,473,"OrderedDict([('model__max_features', 0.49816568848070625), ('model__max_samples', 0.738105348394507), ('model__min_samples_leaf', 3), ('model__n_estimators', 473)])",0.9314884184646359,0.9410517757063623,0.912177793264996,0.9133538538974553,0.927084240787525,0.925031216424195,0.010992178759748013,8
0,6.0452220916748045,0.09506129564347865,0.07680144309997558,0.008363248489963063,0.49816568848070625,0.738105348394507,3,451,"OrderedDict([('model__max_features', 0.49816568848070625), ('model__max_samples', 0.738105348394507), ('model__min_samples_leaf', 3), ('model__n_estimators', 451)])",0.9336179109678544,0.939764400693053,0.9113647143092216,0.9132522190279834,0.9275004597767904,0.9250999409549806,0.01115696776936678,4
0,4.113103628158569,0.060609226968289125,0.057621335983276366,0.003320351698177073,0.49816568848070625,0.738105348394507,3,315,"OrderedDict([('model__max_features', 0.49816568848070625), ('model__max_samples', 0.738105348394507), ('model__min_samples_leaf', 3), ('model__n_estimators', 315)])",0.9316142521125533,0.9388738856462525,0.912177793264996,0.9115970225823001,0.9284393723804822,0.9245404651973168,0.010872490463049394,29
0,1.3424005508422852,0.031119589042078802,0.02689990997314453,0.0016819912688227543,0.49816568848070625,0.738105348394507,3,103,"OrderedDict([('model__max_features', 0.49816568848070625), ('model__max_samples', 0.738105348394507), ('model__min_samples_leaf', 3), ('model__n_estimators', 103)])",0.9348907667140963,0.9395127333972182,0.9105467955977582,0.9116550996505696,0.926174366717968,0.924555952415522,0.011796791305965245,28
0,1.8694966793060304,0.03428560642218317,0.03349523544311524,0.0036770259791461283,0.49816568848070625,0.738105348394507,3,141,"OrderedDict([('model__max_features', 0.49816568848070625), ('model__max_samples', 0.738105348394507), ('model__min_samples_leaf', 3), ('model__n_estimators', 141)])",0.9356796468914249,0.9396869646020268,0.9070524919902044,0.9133683731645226,0.9259323789335114,0.9243439711163381,0.012537041393748746,38
0,6.327183771133423,0.0436863360180366,0.09275631904602051,0.006440416870440981,0.49816568848070625,0.738105348394507,3,487,"OrderedDict([('model__max_features', 0.49816568848070625), ('model__max_samples', 0.738105348394507), ('model__min_samples_leaf', 3), ('model__n_estimators', 487)])",0.9343729128553591,0.9396288875337573,0.9111033675020085,0.9124246208051419,0.9270261637192555,0.9249111904831044,0.011464539295706132,15
0,5.608036375045776,0.07620332982505491,0.07705998420715332,0.0046659226599745345,0.49816568848070625,0.738105348394507,3,433,"OrderedDict([('model__max_features', 0.49816568848070625), ('model__max_samples', 0.738105348394507), ('model__min_samples_leaf', 3), ('model__n_estimators', 433)])",0.9335307953654499,0.9404032484440186,0.9090319520670597,0.9118728886565806,0.92828450019843,0.9246246769463078,0.012226346500789808,26
1,2.914099025726318,0.03201625667584879,0.05158133506774902,0.005257980843058059,0.49816568848070625,0.738105348394507,3,226,"OrderedDict([('model__max_features', 0.49816568848070625), ('model__max_samples', 0.738105348394507), ('model__min_samples_leaf', 3), ('model__n_estimators', 226)])",0.9866086836474081,0.9855935747668295,0.9853215255868344,0.9872461720244115,0.9868726119563584,0.9863285135963684,0.0007444185929853064,26
1,6.107560110092163,0.070325467896306,0.08014984130859375,0.007199947609193985,0.49816568848070625,0.738105348394507,3,480,"OrderedDict([('model__max_features', 0.49816568848070625), ('model__max_samples', 0.738105348394507), ('model__min_samples_leaf', 3), ('model__n_estimators', 480)])",0.9863000905477123,0.9854880034432494,0.9860442831098064,0.9876603364476874,0.9866411671315866,0.9864267761360084,0.000722672659449573,12
1,3.3708104610443117,0.039396978122197224,0.054880189895629886,0.006536199707471637,0.49816568848070625,0.738105348394507,3,273,"OrderedDict([('model__max_features', 0.49816568848070625), ('model__max_samples', 0.738105348394507), ('model__min_samples_leaf', 3), ('model__n_estimators', 273)])",0.9860727061584624,0.9853783716841468,0.9863366344674129,0.9869375789247155,0.9871487215718757,0.9863748025613226,0.000632654945936938,17
1,5.429272651672363,0.0614283256802535,0.0710078239440918,0.005520892098719066,0.49816568848070625,0.738105348394507,3,421,"OrderedDict([('model__max_features', 0.49816568848070625), ('model__max_samples', 0.738105348394507), ('model__min_samples_leaf', 3), ('model__n_estimators', 421)])",0.9865680792921849,0.9858534426402575,0.9861579753044312,0.9872624137665006,0.9869781832799386,0.9865640188566625,0.0005155761888142287,2
1,4.730650901794434,0.02624901929841346,0.06833491325378419,0.004008177212833878,0.49816568848070625,0.738105348394507,3,386,"OrderedDict([('model__max_features', 0.49816568848070625), ('model__max_samples', 0.738105348394507), ('model__min_samples_leaf', 3), ('model__n_estimators', 386)])",0.9859387117862262,0.9848728474616187,0.9857519317521997,0.9871852654915766,0.9861498544333865,0.9859797221850014,0.0007431045193397734,47
1,2.1549193382263185,0.013943962769787032,0.03845834732055664,0.0015636034066374902,0.49816568848070625,0.738105348394507,3,175,"OrderedDict([('model__max_features', 0.49816568848070625), ('model__max_samples', 0.738105348394507), ('model__min_samples_leaf', 3), ('model__n_estimators', 175)])",0.9857641130587668,0.9858981074310031,0.9862452746681609,0.9876725177542542,0.9867792219393452,0.986471846970306,0.0006953400692639725,8
1,5.527740049362182,0.052700484245708445,0.0780301570892334,0.007972547725820577,0.49816568848070625,0.738105348394507,3,450,"OrderedDict([('model__max_features', 0.49816568848070625), ('model__max_samples', 0.738105348394507), ('model__min_samples_leaf', 3), ('model__n_estimators', 450)])",0.9864949914527833,0.9853540090710131,0.9866817714868096,0.9872380511533667,0.9869294580536709,0.9865396562435287,0.0006430632635872039,4
1,5.306604957580566,0.05766974852106406,0.07786903381347657,0.007140721329517233,0.49816568848070625,0.738105348394507,3,435,"OrderedDict([('model__max_features', 0.49816568848070625), ('model__max_samples', 0.738105348394507), ('model__min_samples_leaf', 3), ('model__n_estimators', 435)])",0.9861985796596543,0.9856301186865304,0.985808777849512,0.9878186934330576,0.9865762001632294,0.9864064739583966,0.0007779921613227928,13
1,3.234718084335327,0.02433869434108611,0.05174098014831543,0.004346627526534335,0.49816568848070625,0.738105348394507,3,266,"OrderedDict([('model__max_features', 0.49816568848070625), ('model__max_samples', 0.738105348394507), ('model__min_samples_leaf', 3), ('model__n_estimators', 266)])",0.9868441889077023,0.9857397504456328,0.9857661432765279,0.9869416393602377,0.9865355958080063,0.9863654635596214,0.0005178422919762659,19
1,2.470694971084595,0.047162856142940364,0.0389918327331543,0.0035259279875361673,0.49816568848070625,0.738105348394507,3,202,"OrderedDict([('model__max_features', 0.49816568848070625), ('model__max_samples', 0.738105348394507), ('model__min_samples_leaf', 3), ('model__n_estimators', 202)])",0.9862432444503998,0.9844972571758046,0.9863670877338303,0.9874085894453039,0.9873598642190361,0.986375208604875,0.001056560901834326,16
1,3.7276315689086914,0.0439909311019588,0.05605216026306152,0.001775445061859201,0.49816568848070625,0.738105348394507,3,301,"OrderedDict([('model__max_features', 0.49816568848070625), ('model__max_samples', 0.738105348394507), ('model__min_samples_leaf', 3), ('model__n_estimators', 301)])",0.9861863983530873,0.985898107431003,0.9858859261244362,0.9875588255596295,0.9867345571485997,0.986452762923351,0.0006328790242759486,10
1,5.6790910243988035,0.05714306822695537,0.07828359603881836,0.005215372558265856,0.49816568848070625,0.738105348394507,3,461,"OrderedDict([('model__max_features', 0.49816568848070625), ('model__max_samples', 0.738105348394507), ('model__min_samples_leaf', 3), ('model__n_estimators', 461)])",0.9864706288396494,0.9853621299420575,0.9859752557059271,0.9874573146715717,0.9869253976181486,0.9864381453554708,0.0007279082410123139,11
1,3.1960271835327148,0.02528558198991862,0.04865641593933105,0.002243062516162357,0.49816568848070625,0.738105348394507,3,260,"OrderedDict([('model__max_features', 0.49816568848070625), ('model__max_samples', 0.738105348394507), ('model__min_samples_leaf', 3), ('model__n_estimators', 260)])",0.9859752557059271,0.9856138769444411,0.9858635937290634,0.9871893259270988,0.9864503266620377,0.9862184757937136,0.0005562269080315361,37
1,2.602272319793701,0.04384363895149738,0.04309964179992676,0.003969971476332167,0.49816568848070625,0.738105348394507,3,208,"OrderedDict([('model__max_features', 0.49816568848070625), ('model__max_samples', 0.738105348394507), ('model__min_samples_leaf', 3), ('model__n_estimators', 208)])",0.9857356900101105,0.9854149156038478,0.9859833765769715,0.9869274278359097,0.9869538206668046,0.9862030461387288,0.000628683933713863,40
1,2.578184986114502,0.03768696527768022,0.04127655029296875,0.004998240643184693,0.49816568848070625,0.738105348394507,3,209,"OrderedDict([('model__max_features', 0.49816568848070625), ('model__max_samples', 0.738105348394507), ('model__min_samples_leaf', 3), ('model__n_estimators', 209)])",0.9856991460904095,0.9856585417351864,0.9856971158726485,0.9868766723918808,0.986259486192489,0.9860381924565228,0.00047485573898376236,46
1,2.031523323059082,0.02153627257764381,0.03314881324768067,0.0016885702305338224,0.49816568848070625,0.738105348394507,3,164,"OrderedDict([('model__max_features', 0.49816568848070625), ('model__max_samples', 0.738105348394507), ('model__min_samples_leaf', 3), ('model__n_estimators', 164)])",0.9866127440829303,0.9857884756719004,0.985743810881155,0.9865416864612898,0.9866249253894973,0.9862623284973546,0.00040637556012145643,35
1,5.225059270858765,0.05459604667164727,0.07306709289550781,0.006602946853161763,0.49816568848070625,0.738105348394507,3,424,"OrderedDict([('model__max_features', 0.49816568848070625), ('model__max_samples', 0.738105348394507), ('model__min_samples_leaf', 3), ('model__n_estimators', 424)])",0.986141733562342,0.9855976352023519,0.9859224700441369,0.9871527820073982,0.9868644910853138,0.9863358223803085,0.0005831577084673115,25
1,4.052626991271973,0.025182918945861853,0.07194957733154297,0.0037232377130297744,0.49816568848070625,0.738105348394507,3,327,"OrderedDict([('model__max_features', 0.49816568848070625), ('model__max_samples', 0.738105348394507), ('model__min_samples_leaf', 3), ('model__n_estimators', 327)])",0.9859265304796592,0.9853661903775799,0.9857722339298113,0.9873964081387371,0.9863041509832344,0.9861531027818042,0.000690543408074119,43
1,6.538649702072144,0.06287938147179596,0.08492093086242676,0.008098894185932369,0.49816568848070625,0.738105348394507,3,500,"OrderedDict([('model__max_features', 0.49816568848070625), ('model__max_samples', 0.738105348394507), ('model__min_samples_leaf', 3), ('model__n_estimators', 500)])",0.9861985796596543,0.9852524981829551,0.9862757279345782,0.9877131221094775,0.9869375789247155,0.986475501362276,0.000819457456618651,7
1,5.213994073867798,0.06333053478718156,0.06880335807800293,0.003538576745888984,0.49816568848070625,0.738105348394507,3,418,"OrderedDict([('model__max_features', 0.49816568848070625), ('model__max_samples', 0.738105348394507), ('model__min_samples_leaf', 3), ('model__n_estimators', 418)])",0.9862635466280114,0.9853986738617585,0.986233093361594,0.987164963313965,0.9865762001632294,0.9863272954657116,0.000572523712434797,28
1,4.1946204662322994,0.02758124855903795,0.05960521697998047,0.004265596931744573,0.49816568848070625,0.738105348394507,3,340,"OrderedDict([('model__max_features', 0.49816568848070625), ('model__max_samples', 0.738105348394507), ('model__min_samples_leaf', 3), ('model__n_estimators', 340)])",0.9859143491730923,0.9862533955392057,0.986093008336074,0.987644094705598,0.9868604306497915,0.9865530556807522,0.0006315427599193239,3
1,2.7263285160064696,0.10506486504570578,0.15760598182678223,0.05802916938231808,0.49816568848070625,0.738105348394507,3,198,"OrderedDict([('model__max_features', 0.49816568848070625), ('model__max_samples', 0.738105348394507), ('model__min_samples_leaf', 3), ('model__n_estimators', 198)])",0.9865396562435287,0.9856301186865304,0.9858209591560791,0.9873192598638131,0.9862797883701006,0.9863179564640104,0.0005955406327543287,29
1,4.003639364242554,0.04140017028767154,0.06243629455566406,0.005505789935086196,0.49816568848070625,0.738105348394507,3,284,"OrderedDict([('model__max_features', 0.49816568848070625), ('model__max_samples', 0.738105348394507), ('model__min_samples_leaf', 3), ('model__n_estimators', 284)])",0.986608683647408,0.9853134047157899,0.9853276162401179,0.9874329520584378,0.9867223758420329,0.9862810065007572,0.0008335903045344705,33
1,4.406375980377197,0.052941932521380915,0.058449506759643555,0.005635081213830577,0.49816568848070625,0.738105348394507,3,341,"OrderedDict([('model__max_features', 0.49816568848070625), ('model__max_samples', 0.738105348394507), ('model__min_samples_leaf', 3), ('model__n_estimators', 341)])",0.9858940469954808,0.9857600526232443,0.9859224700441369,0.9873720455256031,0.9868238867300907,0.9863545003837112,0.0006336808873439314,21
1,3.638469123840332,0.03872013084512811,0.057253551483154294,0.003887509347786227,0.49816568848070625,0.738105348394507,3,296,"OrderedDict([('model__max_features', 0.49816568848070625), ('model__max_samples', 0.738105348394507), ('model__min_samples_leaf', 3), ('model__n_estimators', 296)])",0.9856747834772758,0.9857681734942889,0.9859711952704047,0.9868847932629254,0.9864503266620378,0.9861498544333864,0.00045468901294895954,44
1,2.459914970397949,0.03273647771637027,0.037558889389038085,0.0026480443210354135,0.49816568848070625,0.738105348394507,3,201,"OrderedDict([('model__max_features', 0.49816568848070625), ('model__max_samples', 0.738105348394507), ('model__min_samples_leaf', 3), ('model__n_estimators', 201)])",0.9859468326572708,0.9853783716841469,0.9855753028069791,0.9871954165803825,0.9862188818372659,0.986062961113209,0.0006366672263621954,45
1,2.2533623695373537,0.013594395356722118,0.041214704513549805,0.0024272460556982313,0.49816568848070625,0.738105348394507,3,181,"OrderedDict([('model__max_features', 0.49816568848070625), ('model__max_samples', 0.738105348394507), ('model__min_samples_leaf', 3), ('model__n_estimators', 181)])",0.9856585417351865,0.9859529233105544,0.9860321018032394,0.9875750673017188,0.986336634467413,0.9863110537236224,0.0006678664779381009,30
1,2.670858907699585,0.033415525861018015,0.042620277404785155,0.0040881347218647964,0.49816568848070625,0.738105348394507,3,217,"OrderedDict([('model__max_features', 0.49816568848070625), ('model__max_samples', 0.738105348394507), ('model__min_samples_leaf', 3), ('model__n_estimators', 217)])",0.9869172767471039,0.9852931025381781,0.9858087778495122,0.9869619415378493,0.9864909310172608,0.9862944059379808,0.0006497133317858953,31
1,2.4403100967407227,0.03914785819186689,0.03887805938720703,0.004571062106692201,0.49816568848070625,0.738105348394507,3,199,"OrderedDict([('model__max_features', 0.49816568848070625), ('model__max_samples', 0.738105348394507), ('model__min_samples_leaf', 3), ('model__n_estimators', 199)])",0.9866695901802427,0.9852606190539998,0.9858595332935411,0.9870187876351618,0.9865396562435287,0.9862696372812948,0.000629349168240788,34
1,2.046516513824463,0.033953268162623854,0.03382439613342285,0.0013849749124316137,0.49816568848070625,0.738105348394507,3,166,"OrderedDict([('model__max_features', 0.49816568848070625), ('model__max_samples', 0.738105348394507), ('model__min_samples_leaf', 3), ('model__n_estimators', 166)])",0.9861457939978642,0.9856504208641418,0.9857397504456328,0.9874207707518708,0.9867304967130774,0.9863374465545174,0.0006624281672753944,24
1,1.2999598979949951,0.007835485818237438,0.029730987548828126,0.002277203531310841,0.49816568848070625,0.738105348394507,3,105,"OrderedDict([('model__max_features', 0.49816568848070625), ('model__max_samples', 0.738105348394507), ('model__min_samples_leaf', 3), ('model__n_estimators', 105)])",0.9848566057195295,0.9855164264919055,0.9855956049845906,0.987420770751871,0.9860422528920452,0.9858863321679884,0.0008556286697999812,48
1,4.334407567977905,0.035431465418425206,0.06346454620361328,0.0054075098988650835,0.49816568848070625,0.738105348394507,3,354,"OrderedDict([('model__max_features', 0.49816568848070625), ('model__max_samples', 0.738105348394507), ('model__min_samples_leaf', 3), ('model__n_estimators', 354)])",0.9862960301121899,0.9856869647838428,0.9862188818372659,0.9873639246545585,0.9867467384551667,0.9864625079686048,0.0005624721879676161,9
1,5.633504724502563,0.04434563874263393,0.08068289756774902,0.005494685985831378,0.49816568848070625,0.738105348394507,3,449,"OrderedDict([('model__max_features', 0.49816568848070625), ('model__max_samples', 0.738105348394507), ('model__min_samples_leaf', 3), ('model__n_estimators', 449)])",0.986105189642641,0.9857235087035435,0.9857925361074229,0.9876968803673882,0.9871649633139651,0.9864966156269922,0.0007917020479835113,6
1,3.7254168033599853,0.024996126053777042,0.05125880241394043,0.004557966795313087,0.49816568848070625,0.738105348394507,3,279,"OrderedDict([('model__max_features', 0.49816568848070625), ('model__max_samples', 0.738105348394507), ('model__min_samples_leaf', 3), ('model__n_estimators', 279)])",0.9861539148689088,0.985561091282651,0.9856869647838427,0.9870675128614296,0.9871730841850096,0.9863285135963682,0.0006768199162308604,27
1,5.5230522632598875,0.04866545348156351,0.08201565742492675,0.00925659003702274,0.49816568848070625,0.738105348394507,3,448,"OrderedDict([('model__max_features', 0.49816568848070625), ('model__max_samples', 0.738105348394507), ('model__min_samples_leaf', 3), ('model__n_estimators', 448)])",0.9863569366450244,0.9853134047157898,0.9856179373799634,0.9877050012384329,0.98684012847218,0.9863666816902782,0.0008585285622958978,18
1,5.707165288925171,0.06519618761068227,0.07803306579589844,0.004557690693036715,0.49816568848070625,0.738105348394507,3,466,"OrderedDict([('model__max_features', 0.49816568848070625), ('model__max_samples', 0.738105348394507), ('model__min_samples_leaf', 3), ('model__n_estimators', 466)])",0.9863366344674129,0.9854798825722046,0.9863691179515915,0.9872827159441122,0.9870715732969518,0.9865079848464546,0.0006361571297118651,5
1,5.764967203140259,0.07066348428808868,0.07621355056762695,0.004757851954481541,0.49816568848070625,0.738105348394507,3,470,"OrderedDict([('model__max_features', 0.49816568848070625), ('model__max_samples', 0.738105348394507), ('model__min_samples_leaf', 3), ('model__n_estimators', 470)])",0.9862391840148774,0.9853783716841469,0.9856463604286195,0.9869863041509833,0.9867995241169568,0.9862099488791168,0.0006261523353178432,39
1,5.4762969493865965,0.042395063978348524,0.07650585174560547,0.0049927163079630694,0.49816568848070625,0.738105348394507,3,436,"OrderedDict([('model__max_features', 0.49816568848070625), ('model__max_samples', 0.738105348394507), ('model__min_samples_leaf', 3), ('model__n_estimators', 436)])",0.986129552255775,0.9859793161414492,0.9865599584211403,0.9875060398978395,0.9868238867300907,0.986599750689259,0.0005439128816194569,1
1,3.7795596599578856,0.018442711828481576,0.060021829605102536,0.0035144880787550104,0.49816568848070625,0.738105348394507,3,306,"OrderedDict([('model__max_features', 0.49816568848070625), ('model__max_samples', 0.738105348394507), ('model__min_samples_leaf', 3), ('model__n_estimators', 306)])",0.9863975410002477,0.98596307439936,0.9855407891050393,0.9873882872676925,0.9864097223068147,0.9863398828158308,0.0006144736376386269,23
1,5.34006667137146,0.04542433547439617,0.07658171653747559,0.00664419696833237,0.49816568848070625,0.738105348394507,3,426,"OrderedDict([('model__max_features', 0.49816568848070625), ('model__max_samples', 0.738105348394507), ('model__min_samples_leaf', 3), ('model__n_estimators', 426)])",0.986028041367717,0.9852281355698211,0.9860686457229403,0.9871202985232195,0.9865680792921848,0.9862026400951767,0.0006282899131178063,41
1,1.41368727684021,0.017228629097654446,0.027536392211914062,0.0012143337611620886,0.49816568848070625,0.738105348394507,3,114,"OrderedDict([('model__max_features', 0.49816568848070625), ('model__max_samples', 0.738105348394507), ('model__min_samples_leaf', 3), ('model__n_estimators', 114)])",0.9853134047157898,0.9857113273969766,0.985950893092793,0.9862188818372659,0.9858412613336907,0.9858071536753032,0.0002980990246521145,50
1,4.055052614212036,0.0421214745096716,0.058855724334716794,0.004601977863302466,0.49816568848070625,0.738105348394507,3,331,"OrderedDict([('model__max_features', 0.49816568848070625), ('model__max_samples', 0.738105348394507), ('model__min_samples_leaf', 3), ('model__n_estimators', 331)])",0.9864990518883056,0.9852443773119104,0.9858818656889137,0.9871162380876973,0.9870837546035187,0.9863650575160691,0.0007194651775192904,20
1,1.6063770294189452,0.008936111493355875,0.03327155113220215,0.001581659696504744,0.49816568848070625,0.738105348394507,3,130,"OrderedDict([('model__max_features', 0.49816568848070625), ('model__max_samples', 0.738105348394507), ('model__min_samples_leaf', 3), ('model__n_estimators', 130)])",0.9857438108811553,0.9855164264919056,0.9850535368423616,0.9873233202993353,0.9855895143313073,0.985845321769213,0.0007739918648861992,49
1,5.863713312149048,0.030987123485691728,0.08445487022399903,0.0020898335860255334,0.49816568848070625,0.738105348394507,3,473,"OrderedDict([('model__max_features', 0.49816568848070625), ('model__max_samples', 0.738105348394507), ('model__min_samples_leaf', 3), ('model__n_estimators', 473)])",0.9861660961754757,0.9855245473629501,0.9861011292071187,0.9869213371826262,0.9864259640489039,0.986227814795415,0.0004549021732452493,36
1,5.9376091957092285,0.05538485932171681,0.08691968917846679,0.003726501838818824,0.49816568848070625,0.738105348394507,3,451,"OrderedDict([('model__max_features', 0.49816568848070625), ('model__max_samples', 0.738105348394507), ('model__min_samples_leaf', 3), ('model__n_estimators', 451)])",0.9861823379175649,0.9857722339298112,0.9856950856548874,0.9872339907178445,0.9865680792921849,0.9862903455024586,0.0005660462660794823,32
1,3.97353253364563,0.018163918635253226,0.060969305038452146,0.005465149660564997,0.49816568848070625,0.738105348394507,3,315,"OrderedDict([('model__max_features', 0.49816568848070625), ('model__max_samples', 0.738105348394507), ('model__min_samples_leaf', 3), ('model__n_estimators', 315)])",0.9863447553384576,0.9855692121536956,0.9859143491730922,0.9871609028784428,0.9867670406327782,0.9863512520352933,0.0005711264903836616,22
1,1.284350824356079,0.02484750779589378,0.02594623565673828,0.0029920394260323554,0.49816568848070625,0.738105348394507,3,103,"OrderedDict([('model__max_features', 0.49816568848070625), ('model__max_samples', 0.738105348394507), ('model__min_samples_leaf', 3), ('model__n_estimators', 103)])",0.98610315942488,0.9854677012656378,0.9856788439127981,0.9871609028784427,0.9865031123238278,0.9861827439611173,0.0006051389540976245,42
1,1.7542909145355225,0.03388996229970626,0.028333663940429688,0.0012571407492839631,0.49816568848070625,0.738105348394507,3,141,"OrderedDict([('model__max_features', 0.49816568848070625), ('model__max_samples', 0.738105348394507), ('model__min_samples_leaf', 3), ('model__n_estimators', 141)])",0.9864787497106939,0.9856727532595148,0.9865112331948724,0.9870634524259072,0.9862513653214444,0.9863955107824867,0.0004493601642033668,14
1,6.232130336761474,0.06272440765862022,0.08597798347473144,0.00665126167604049,0.49816568848070625,0.738105348394507,3,487,"OrderedDict([('model__max_features', 0.49816568848070625), ('model__max_samples', 0.738105348394507), ('model__min_samples_leaf', 3), ('model__n_estimators', 487)])",0.986466568404127,0.9852687399250444,0.9860239809321948,0.9875101003333618,0.9867061340999437,0.9863951047389344,0.0007418210118813849,15
1,5.318503570556641,0.07708237869281023,0.07409629821777344,0.0057881742435142505,0.49816568848070625,0.738105348394507,3,433,"OrderedDict([('model__max_features', 0.49816568848070625), ('model__max_samples', 0.738105348394507), ('model__min_samples_leaf', 3), ('model__n_estimators', 433)])",0.9861782774820427,0.9850332346647501,0.9860402226742839,0.987668457318732,0.9861457939978642,0.9862131972275346,0.0008421135746052576,38
2,9.395930862426757,0.041416191358229104,0.06876635551452637,0.01258141942498471,0.49816568848070625,0.738105348394507,3,226,"OrderedDict([('model__max_features', 0.49816568848070625), ('model__max_samples', 0.738105348394507), ('model__min_samples_leaf', 3), ('model__n_estimators', 226)])",1.0,1.0,0.9999514120862435,0.9999149711509263,1.0,0.999973276647434,3.4698710858363105e-05,14
2,18.891022825241087,0.12043890180504666,0.12462248802185058,0.014550072955848824,0.49816568848070625,0.738105348394507,3,480,"OrderedDict([('model__max_features', 0.49816568848070625), ('model__max_samples', 0.738105348394507), ('model__min_samples_leaf', 3), ('model__n_estimators', 480)])",1.0,1.0,0.9999676080574957,0.999886628201235,1.0,0.9999708472517461,4.393856857170749e-05,31
2,10.724081468582153,0.10474596440022177,0.07586522102355957,0.007113811711900953,0.49816568848070625,0.738105348394507,3,273,"OrderedDict([('model__max_features', 0.49816568848070625), ('model__max_samples', 0.738105348394507), ('model__min_samples_leaf', 3), ('model__n_estimators', 273)])",1.0,1.0,0.9999514120862435,0.9999028241724871,1.0,0.9999708472517461,3.887033100516413e-05,31
2,15.978310775756835,0.11579080829242554,0.09876794815063476,0.0160294826747316,0.49816568848070625,0.738105348394507,3,421,"OrderedDict([('model__max_features', 0.49816568848070625), ('model__max_samples', 0.738105348394507), ('model__min_samples_leaf', 3), ('model__n_estimators', 421)])",1.0,1.0,0.9999554610790565,0.9999028241724871,1.0,0.9999716570503088,3.849738418546034e-05,25
2,14.768507289886475,0.130917112289615,0.10525951385498047,0.007023236338910789,0.49816568848070625,0.738105348394507,3,386,"OrderedDict([('model__max_features', 0.49816568848070625), ('model__max_samples', 0.738105348394507), ('model__min_samples_leaf', 3), ('model__n_estimators', 386)])",1.0,1.0,0.9999595100718696,0.999894726186861,1.0,0.9999708472517461,4.11645390088474e-05,31
2,6.666416883468628,0.0553154907444006,0.05093770027160645,0.008906988355558868,0.49816568848070625,0.738105348394507,3,175,"OrderedDict([('model__max_features', 0.49816568848070625), ('model__max_samples', 0.738105348394507), ('model__min_samples_leaf', 3), ('model__n_estimators', 175)])",1.0,1.0,0.9999028241724871,0.9999230691365523,1.0,0.9999651786618079,4.312509996783289e-05,44
2,16.968726444244385,0.09856107050358472,0.11371059417724609,0.01966798879944575,0.49816568848070625,0.738105348394507,3,450,"OrderedDict([('model__max_features', 0.49816568848070625), ('model__max_samples', 0.738105348394507), ('model__min_samples_leaf', 3), ('model__n_estimators', 450)])",1.0,1.0,0.9999716570503088,0.9999028241724871,1.0,0.9999748962445592,3.767086822427103e-05,9
2,16.76930809020996,0.1235360033989075,0.11206173896789551,0.026620940287129177,0.49816568848070625,0.738105348394507,3,435,"OrderedDict([('model__max_features', 0.49816568848070625), ('model__max_samples', 0.738105348394507), ('model__min_samples_leaf', 3), ('model__n_estimators', 435)])",1.0,0.9999919020143739,0.9999271181293653,0.9998785302156089,1.0,0.9999595100718697,4.885710093408814e-05,50
2,10.129486036300658,0.09980008710729972,0.06922702789306641,0.011498495317027995,0.49816568848070625,0.738105348394507,3,266,"OrderedDict([('model__max_features', 0.49816568848070625), ('model__max_samples', 0.738105348394507), ('model__min_samples_leaf', 3), ('model__n_estimators', 266)])",1.0,0.999995951007187,0.9999595100718696,0.9998906771940479,1.0,0.9999692276546209,4.212509542634174e-05,37
2,7.754047870635986,0.09193757897838907,0.06128339767456055,0.003541514048535288,0.49816568848070625,0.738105348394507,3,202,"OrderedDict([('model__max_features', 0.49816568848070625), ('model__max_samples', 0.738105348394507), ('model__min_samples_leaf', 3), ('model__n_estimators', 202)])",1.0,1.0,0.9999271181293654,0.9999352161149915,1.0,0.9999724668488714,3.3818180816350086e-05,20
2,11.391258478164673,0.10268126282065321,0.07777767181396485,0.014094368503859072,0.49816568848070625,0.738105348394507,3,301,"OrderedDict([('model__max_features', 0.49816568848070625), ('model__max_samples', 0.738105348394507), ('model__min_samples_leaf', 3), ('model__n_estimators', 301)])",1.0,0.999995951007187,0.9999838040287479,0.9999392651078044,1.0,0.9999838040287479,2.3047271133947194e-05,1
2,11.533238554000855,0.069313256027532,0.08814048767089844,0.01078918622639221,0.49816568848070625,0.738105348394507,3,298,"OrderedDict([('model__max_features', 0.49816568848070625), ('model__max_samples', 0.738105348394507), ('model__min_samples_leaf', 3), ('model__n_estimators', 298)])",1.0,1.0,0.9999392651078044,0.9999149711509262,1.0,0.9999708472517461,3.652182539538686e-05,31
2,9.916161298751831,0.041364443397454265,0.08276691436767578,0.00568332492527039,0.49816568848070625,0.738105348394507,3,260,"OrderedDict([('model__max_features', 0.49816568848070625), ('model__max_samples', 0.738105348394507), ('model__min_samples_leaf', 3), ('model__n_estimators', 260)])",1.0,1.0,0.9999514120862435,0.9999190201437392,1.0,0.9999740864459966,3.334954595725134e-05,12
2,8.209606599807739,0.04243282082063578,0.061934804916381835,0.011058433001223937,0.49816568848070625,0.738105348394507,3,208,"OrderedDict([('model__max_features', 0.49816568848070625), ('model__max_samples', 0.738105348394507), ('model__min_samples_leaf', 3), ('model__n_estimators', 208)])",1.0,1.0,0.9999716570503087,0.9998785302156089,1.0,0.9999700374531836,4.7052014321543466e-05,36
2,7.946977424621582,0.06479785431761788,0.05977644920349121,0.005367190345293418,0.49816568848070625,0.738105348394507,3,209,"OrderedDict([('model__max_features', 0.49816568848070625), ('model__max_samples', 0.738105348394507), ('model__min_samples_leaf', 3), ('model__n_estimators', 209)])",1.0,1.0,0.9999595100718697,0.999886628201235,1.0,0.9999692276546209,4.4176719739185675e-05,37
2,6.218577718734741,0.05274447955740939,0.05185027122497558,0.009240124566635158,0.49816568848070625,0.738105348394507,3,164,"OrderedDict([('model__max_features', 0.49816568848070625), ('model__max_samples', 0.738105348394507), ('model__min_samples_leaf', 3), ('model__n_estimators', 164)])",1.0,1.0,0.9999595100718696,0.9998825792084219,1.0,0.9999684178560584,4.5694458077659903e-05,41
2,13.999282169342042,0.06592620687897074,0.09693875312805175,0.005614257552528644,0.49816568848070625,0.738105348394507,3,369,"OrderedDict([('model__max_features', 0.49816568848070625), ('model__max_samples', 0.738105348394507), ('model__min_samples_leaf', 3), ('model__n_estimators', 369)])",1.0,1.0,0.9999595100718696,0.9998744812227959,1.0,0.9999667982589331,4.874960443214971e-05,43
2,12.37151665687561,0.12255341058699534,0.08317432403564454,0.0067964504022221105,0.49816568848070625,0.738105348394507,3,327,"OrderedDict([('model__max_features', 0.49816568848070625), ('model__max_samples', 0.738105348394507), ('model__min_samples_leaf', 3), ('model__n_estimators', 327)])",1.0,1.0,0.9999514120862435,0.9999068731653001,1.0,0.9999716570503088,3.746139003938558e-05,25
2,19.135711431503296,0.15282671280880508,0.12344589233398437,0.01205870656863148,0.49816568848070625,0.738105348394507,3,500,"OrderedDict([('model__max_features', 0.49816568848070625), ('model__max_samples', 0.738105348394507), ('model__min_samples_leaf', 3), ('model__n_estimators', 500)])",1.0,0.999995951007187,0.9999676080574956,0.9999028241724871,1.0,0.999973276647434,3.7250733879946455e-05,14
2,12.730276346206665,0.08602680978528673,0.09474444389343262,0.008112252783145852,0.49816568848070625,0.738105348394507,3,332,"OrderedDict([('model__max_features', 0.49816568848070625), ('model__max_samples', 0.738105348394507), ('model__min_samples_leaf', 3), ('model__n_estimators', 332)])",1.0,1.0,0.9999676080574956,0.999890677194048,1.0,0.9999716570503088,4.2388913301507895e-05,25
2,13.012332773208618,0.03960265586688164,0.1011744499206543,0.009579886124253232,0.49816568848070625,0.738105348394507,3,340,"OrderedDict([('model__max_features', 0.49816568848070625), ('model__max_samples', 0.738105348394507), ('model__min_samples_leaf', 3), ('model__n_estimators', 340)])",1.0,1.0,0.9999433141006174,0.9998663832371698,1.0,0.9999619394675575,5.2580813704197245e-05,48
2,7.620184326171875,0.02840146823461771,0.06361246109008789,0.004789267659434307,0.49816568848070625,0.738105348394507,3,198,"OrderedDict([('model__max_features', 0.49816568848070625), ('model__max_samples', 0.738105348394507), ('model__min_samples_leaf', 3), ('model__n_estimators', 198)])",1.0,1.0,0.9999392651078044,0.9999068731653001,1.0,0.9999692276546209,3.9055468939896644e-05,37
2,10.828479766845703,0.11381219002871963,0.08017277717590332,0.005922746057331218,0.49816568848070625,0.738105348394507,3,284,"OrderedDict([('model__max_features', 0.49816568848070625), ('model__max_samples', 0.738105348394507), ('model__min_samples_leaf', 3), ('model__n_estimators', 284)])",1.0,1.0,0.9999554610790565,0.9999028241724871,1.0,0.9999716570503088,3.849738418546034e-05,25
2,13.95069603919983,0.115890469893779,0.10776453018188477,0.013022718884877826,0.49816568848070625,0.738105348394507,3,364,"OrderedDict([('model__max_features', 0.49816568848070625), ('model__max_samples', 0.738105348394507), ('model__min_samples_leaf', 3), ('model__n_estimators', 364)])",1.0,1.0,0.9999595100718696,0.9998987751796741,1.0,0.9999716570503088,3.967186545655346e-05,25
2,11.205086469650269,0.07630960343495166,0.08110966682434081,0.014727230983712815,0.49816568848070625,0.738105348394507,3,296,"OrderedDict([('model__max_features', 0.49816568848070625), ('model__max_samples', 0.738105348394507), ('model__min_samples_leaf', 3), ('model__n_estimators', 296)])",1.0,1.0,0.9999635590646826,0.999894726186861,1.0,0.9999716570503088,4.097292646032036e-05,25
2,7.615271043777466,0.06990380119679286,0.05556607246398926,0.010534935733645187,0.49816568848070625,0.738105348394507,3,201,"OrderedDict([('model__max_features', 0.49816568848070625), ('model__max_samples', 0.738105348394507), ('model__min_samples_leaf', 3), ('model__n_estimators', 201)])",1.0,1.0,0.9999716570503088,0.9998947261868609,1.0,0.999973276647434,4.0780413603077025e-05,14
2,6.922646474838257,0.06919896548559147,0.05446920394897461,0.005107597309173621,0.49816568848070625,0.738105348394507,3,181,"OrderedDict([('model__max_features', 0.49816568848070625), ('model__max_samples', 0.738105348394507), ('model__min_samples_leaf', 3), ('model__n_estimators', 181)])",0.9999959510071871,1.0,0.9999716570503087,0.9998987751796741,1.0,0.999973276647434,3.871819605347767e-05,14
2,8.257008838653565,0.11772178548647035,0.05500674247741699,0.012206899811737419,0.49816568848070625,0.738105348394507,3,217,"OrderedDict([('model__max_features', 0.49816568848070625), ('model__max_samples', 0.738105348394507), ('model__min_samples_leaf', 3), ('model__n_estimators', 217)])",1.0,0.9999919020143739,0.9999392651078044,0.9998825792084219,1.0,0.99996274926612,4.605184235849197e-05,46
2,7.4932952404022215,0.021422180267153326,0.058813858032226565,0.011190016928058426,0.49816568848070625,0.738105348394507,3,199,"OrderedDict([('model__max_features', 0.49816568848070625), ('model__max_samples', 0.738105348394507), ('model__min_samples_leaf', 3), ('model__n_estimators', 199)])",1.0,0.999995951007187,0.9999433141006174,0.9999028241724872,0.9999999999999999,0.9999684178560584,3.920629516961322e-05,41
2,6.309081792831421,0.04806101848618044,0.05336041450500488,0.004955978646034154,0.49816568848070625,0.738105348394507,3,166,"OrderedDict([('model__max_features', 0.49816568848070625), ('model__max_samples', 0.738105348394507), ('model__min_samples_leaf', 3), ('model__n_estimators', 166)])",0.999995951007187,0.9999919020143739,0.9999595100718696,0.9998663832371698,1.0,0.99996274926612,5.027277479959689e-05,46
2,3.9865843296051025,0.060660325906351543,0.03597149848937988,0.005583818788438283,0.49816568848070625,0.738105348394507,3,105,"OrderedDict([('model__max_features', 0.49816568848070625), ('model__max_samples', 0.738105348394507), ('model__min_samples_leaf', 3), ('model__n_estimators', 105)])",1.0,0.999995951007187,0.9999595100718697,0.9999068731653001,1.0,0.9999724668488714,3.6160928938982864e-05,20
2,11.775423955917358,0.08815447179826622,0.08107590675354004,0.014910731135637284,0.49816568848070625,0.738105348394507,3,302,"OrderedDict([('model__max_features', 0.49816568848070625), ('model__max_samples', 0.738105348394507), ('model__min_samples_leaf', 3), ('model__n_estimators', 302)])",1.0,1.0,0.9999635590646826,0.9998987751796741,1.0,0.9999724668488714,3.945639101958999e-05,20
2,18.76432089805603,0.11522404490459094,0.13126568794250487,0.013448991532598539,0.49816568848070625,0.738105348394507,3,492,"OrderedDict([('model__max_features', 0.49816568848070625), ('model__max_samples', 0.738105348394507), ('model__min_samples_leaf', 3), ('model__n_estimators', 492)])",1.0,1.0,0.9999797550359348,0.9999028241724871,1.0,0.9999765158416845,3.767086822427198e-05,5
2,10.671966695785523,0.1176031186362379,0.07438335418701172,0.0182841199589518,0.49816568848070625,0.738105348394507,3,279,"OrderedDict([('model__max_features', 0.49816568848070625), ('model__max_samples', 0.738105348394507), ('model__min_samples_leaf', 3), ('model__n_estimators', 279)])",1.0,1.0,0.9999392651078045,0.9999271181293653,1.0,0.999973276647434,3.2953926428779795e-05,14
2,12.560423707962036,0.03733786006578032,0.09762072563171387,0.006033062240239722,0.49816568848070625,0.738105348394507,3,328,"OrderedDict([('model__max_features', 0.49816568848070625), ('model__max_samples', 0.738105348394507), ('model__min_samples_leaf', 3), ('model__n_estimators', 328)])",1.0,1.0,0.9999433141006174,0.9999028241724871,1.0,0.9999692276546209,3.980388534044381e-05,37
2,7.745541954040528,0.08267310006611808,0.054163646697998044,0.010715778934941097,0.49816568848070625,0.738105348394507,3,202,"OrderedDict([('model__max_features', 0.49816568848070625), ('model__max_samples', 0.738105348394507), ('model__min_samples_leaf', 3), ('model__n_estimators', 202)])",1.0,1.0,0.9999433141006174,0.9999109221581132,1.0,0.9999708472517461,3.714495780117536e-05,31
2,7.7822178363800045,0.04381955121979622,0.06327948570251465,0.0038296726389570423,0.49816568848070625,0.738105348394507,3,197,"OrderedDict([('model__max_features', 0.49816568848070625), ('model__max_samples', 0.738105348394507), ('model__min_samples_leaf', 3), ('model__n_estimators', 197)])",1.0,1.0,0.9999676080574957,0.9999109221581133,1.0,0.9999757060431218,3.4736488453488113e-05,7
2,16.82509684562683,0.11556424602428232,0.12061657905578613,0.015044754034890787,0.49816568848070625,0.738105348394507,3,436,"OrderedDict([('model__max_features', 0.49816568848070625), ('model__max_samples', 0.738105348394507), ('model__min_samples_leaf', 3), ('model__n_estimators', 436)])",1.0,1.0,0.9999676080574957,0.9999149711509263,1.0,0.9999765158416845,3.323135463695952e-05,5
2,11.710212421417236,0.07251481686405777,0.08287649154663086,0.008810279332642371,0.49816568848070625,0.738105348394507,3,306,"OrderedDict([('model__max_features', 0.49816568848070625), ('model__max_samples', 0.738105348394507), ('model__min_samples_leaf', 3), ('model__n_estimators', 306)])",1.0,1.0,0.9999473630934305,0.9999271181293654,1.0,0.9999748962445592,3.140515344411903e-05,9
2,16.05102996826172,0.14341265682312343,0.1136232852935791,0.003752508102362837,0.49816568848070625,0.738105348394507,3,426,"OrderedDict([('model__max_features', 0.49816568848070625), ('model__max_samples', 0.738105348394507), ('model__min_samples_leaf', 3), ('model__n_estimators', 426)])",1.0,1.0,0.9999473630934305,0.9999149711509262,1.0,0.9999724668488714,3.524252276059364e-05,20
2,4.340675592422485,0.031195677276803835,0.04208359718322754,0.002772981869473668,0.49816568848070625,0.738105348394507,3,114,"OrderedDict([('model__max_features', 0.49816568848070625), ('model__max_samples', 0.738105348394507), ('model__min_samples_leaf', 3), ('model__n_estimators', 114)])",0.9999878530215609,1.0,0.9999514120862435,0.9998704322299828,1.0,0.9999619394675575,4.9098107553297394e-05,48
2,13.035575151443481,0.07579664509022796,0.08984837532043458,0.014735185056541306,0.49816568848070625,0.738105348394507,3,331,"OrderedDict([('model__max_features', 0.49816568848070625), ('model__max_samples', 0.738105348394507), ('model__min_samples_leaf', 3), ('model__n_estimators', 331)])",1.0,1.0,0.9999352161149914,0.999886628201235,1.0,0.9999643688632454,4.626494781118345e-05,45
2,4.918621253967285,0.04610048722314931,0.04330711364746094,0.007343604321783889,0.49816568848070625,0.738105348394507,3,130,"OrderedDict([('model__max_features', 0.49816568848070625), ('model__max_samples', 0.738105348394507), ('model__min_samples_leaf', 3), ('model__n_estimators', 130)])",1.0,1.0,0.9999635590646825,0.9999149711509263,1.0,0.9999757060431218,3.348690859903972e-05,7
2,17.806184673309325,0.11680136844241205,0.11973099708557129,0.015576547920269409,0.49816568848070625,0.738105348394507,3,473,"OrderedDict([('model__max_features', 0.49816568848070625), ('model__max_samples', 0.738105348394507), ('model__min_samples_leaf', 3), ('model__n_estimators', 473)])",1.0,1.0,0.9999635590646826,0.9999109221581132,1.0,0.9999748962445592,3.4962296823444657e-05,9
2,17.500236177444457,0.13140287308597143,0.12407007217407226,0.009827594712639972,0.49816568848070625,0.738105348394507,3,451,"OrderedDict([('model__max_features', 0.49816568848070625), ('model__max_samples', 0.738105348394507), ('model__min_samples_leaf', 3), ('model__n_estimators', 451)])",1.0,1.0,0.9999676080574956,0.9998987751796741,1.0,0.999973276647434,3.9306524464453494e-05,14
2,12.03968710899353,0.05737810521764627,0.07564105987548828,0.011421177556227008,0.49816568848070625,0.738105348394507,3,315,"OrderedDict([('model__max_features', 0.49816568848070625), ('model__max_samples', 0.738105348394507), ('model__min_samples_leaf', 3), ('model__n_estimators', 315)])",1.0,1.0,0.9999635590646826,0.999898775179674,1.0,0.9999724668488714,3.945639101963146e-05,20
2,4.0883355140686035,0.017277055688092756,0.047140979766845705,0.0024052191001800675,0.49816568848070625,0.738105348394507,3,103,"OrderedDict([('model__max_features', 0.49816568848070625), ('model__max_samples', 0.738105348394507), ('model__min_samples_leaf', 3), ('model__n_estimators', 103)])",1.0,1.0,0.9999878530215608,0.999898775179674,0.9999999999999999,0.999977325640247,3.95559866118469e-05,3
2,11.613070964813232,0.08877166330436811,0.08727936744689942,0.006867551158802681,0.49816568848070625,0.738105348394507,3,303,"OrderedDict([('model__max_features', 0.49816568848070625), ('model__max_samples', 0.738105348394507), ('model__min_samples_leaf', 3), ('model__n_estimators', 303)])",1.0,1.0,0.9999797550359348,0.9999068731653,1.0,0.999977325640247,3.608831655865255e-05,3
2,18.45528039932251,0.13461164412437363,0.13477029800415039,0.010617216294841764,0.49816568848070625,0.738105348394507,3,487,"OrderedDict([('model__max_features', 0.49816568848070625), ('model__max_samples', 0.738105348394507), ('model__min_samples_leaf', 3), ('model__n_estimators', 487)])",1.0,1.0,0.9999838040287479,0.9999149711509262,1.0,0.9999797550359348,3.2993701852357476e-05,2
2,18.613566446304322,0.1457191394326051,0.13440170288085937,0.012070495466592878,0.49816568848070625,0.738105348394507,3,489,"OrderedDict([('model__max_features', 0.49816568848070625), ('model__max_samples', 0.738105348394507), ('model__min_samples_leaf', 3), ('model__n_estimators', 489)])",1.0,0.999995951007187,0.9999838040287479,0.999890677194048,1.0,0.9999740864459966,4.212509542629778e-05,12
3,16.645568084716796,0.17638820803604477,0.07732787132263183,0.009941507918598932,0.49816568848070625,0.738105348394507,3,226,"OrderedDict([('model__max_features', 0.49816568848070625), ('model__max_samples', 0.738105348394507), ('model__min_samples_leaf', 3), ('model__n_estimators', 226)])",0.8399760677466862,0.8532020894698085,0.828015694035346,0.8692643133284241,0.8575827956989246,0.8496081920558378,0.01429606445733223,27
3,35.79505000114441,0.24291584369961128,0.13648624420166017,0.028437762967173433,0.49816568848070625,0.738105348394507,3,480,"OrderedDict([('model__max_features', 0.49816568848070625), ('model__max_samples', 0.738105348394507), ('model__min_samples_leaf', 3), ('model__n_estimators', 480)])",0.836507041605302,0.8568724687039764,0.8293791421207658,0.8670494293078056,0.8590164874551972,0.8497649138386094,0.014326299523875409,23
3,20.32305884361267,0.11155746503225122,0.08582129478454589,0.010660388168884538,0.49816568848070625,0.738105348394507,3,273,"OrderedDict([('model__max_features', 0.49816568848070625), ('model__max_samples', 0.738105348394507), ('model__min_samples_leaf', 3), ('model__n_estimators', 273)])",0.8358396999263622,0.8564467507363771,0.8274116347569956,0.8683553479381444,0.861631541218638,0.8499369949153035,0.015649285213271195,14
3,31.457043886184692,0.3257959113315604,0.12367687225341797,0.018470337347192115,0.49816568848070625,0.738105348394507,3,421,"OrderedDict([('model__max_features', 0.49816568848070625), ('model__max_samples', 0.738105348394507), ('model__min_samples_leaf', 3), ('model__n_estimators', 421)])",0.8379050073637704,0.8576030927835051,0.8297013070692194,0.8680216770986745,0.8591426523297492,0.8504747473289838,0.014306465764701144,3
3,28.82776508331299,0.19782439629894522,0.126607084274292,0.020536008951396477,0.49816568848070625,0.738105348394507,3,386,"OrderedDict([('model__max_features', 0.49816568848070625), ('model__max_samples', 0.738105348394507), ('model__min_samples_leaf', 3), ('model__n_estimators', 386)])",0.8345107695139911,0.8545195139911634,0.8286600239322534,0.8684589009572901,0.8597792114695341,0.8491856839728464,0.015157739243657313,36
3,15.963909244537353,0.17522242660292114,0.0703000545501709,0.010909883624193444,0.49816568848070625,0.738105348394507,3,175,"OrderedDict([('model__max_features', 0.49816568848070625), ('model__max_samples', 0.738105348394507), ('model__min_samples_leaf', 3), ('model__n_estimators', 175)])",0.8380718427835052,0.8570105393961708,0.8276302466863034,0.8653781986377025,0.8571698924731184,0.84905214399536,0.013965948996837807,38
3,33.31946110725403,0.2535467478403859,0.13106856346130372,0.014690212357933522,0.49816568848070625,0.738105348394507,3,450,"OrderedDict([('model__max_features', 0.49816568848070625), ('model__max_samples', 0.738105348394507), ('model__min_samples_leaf', 3), ('model__n_estimators', 450)])",0.8385148195876289,0.8555550441826214,0.8280041881443299,0.8686401187407954,0.8578982078853046,0.8497224757081361,0.014532957303819444,24
3,32.39375557899475,0.17176023848540342,0.12835469245910644,0.022402255804525116,0.49816568848070625,0.738105348394507,3,435,"OrderedDict([('model__max_features', 0.49816568848070625), ('model__max_samples', 0.738105348394507), ('model__min_samples_leaf', 3), ('model__n_estimators', 435)])",0.835477264359352,0.8551408321060383,0.8280818529086892,0.8691147367452137,0.85951541218638,0.8494660196611348,0.015311653941041213,32
3,19.706704521179198,0.12226759105775352,0.08923606872558594,0.011899672978686104,0.49816568848070625,0.738105348394507,3,266,"OrderedDict([('model__max_features', 0.49816568848070625), ('model__max_samples', 0.738105348394507), ('model__min_samples_leaf', 3), ('model__n_estimators', 266)])",0.836800441826215,0.8559347385861561,0.8277050349779087,0.8672507824005891,0.8564014336917563,0.848818486296525,0.014409045055036419,42
3,15.056802368164062,0.08754768003855432,0.06899352073669433,0.00698673712562271,0.49816568848070625,0.738105348394507,3,202,"OrderedDict([('model__max_features', 0.49816568848070625), ('model__max_samples', 0.738105348394507), ('model__min_samples_leaf', 3), ('model__n_estimators', 202)])",0.836458141568483,0.8512863586156111,0.8300838779455082,0.867584453240059,0.8586379928315413,0.8488101648402404,0.01384512869805983,43
3,22.47115216255188,0.17643373828208225,0.08580374717712402,0.0186730449372244,0.49816568848070625,0.738105348394507,3,301,"OrderedDict([('model__max_features', 0.49816568848070625), ('model__max_samples', 0.738105348394507), ('model__min_samples_leaf', 3), ('model__n_estimators', 301)])",0.8398351205817378,0.854611561119293,0.8281710235640649,0.8632179675994109,0.8570494623655914,0.8485770270460196,0.012770127710791024,44
3,33.51114301681518,0.34936872787025947,0.12193174362182617,0.023757628031925496,0.49816568848070625,0.738105348394507,3,451,"OrderedDict([('model__max_features', 0.49816568848070625), ('model__max_samples', 0.738105348394507), ('model__min_samples_leaf', 3), ('model__n_estimators', 451)])",0.8375770894698086,0.8537428663475699,0.8274231406480117,0.869316089837997,0.8594695340501792,0.8495057440707132,0.01509711422673402,30
3,19.27984070777893,0.15135165717530186,0.09208035469055176,0.018567747926047918,0.49816568848070625,0.738105348394507,3,260,"OrderedDict([('model__max_features', 0.49816568848070625), ('model__max_samples', 0.738105348394507), ('model__min_samples_leaf', 3), ('model__n_estimators', 260)])",0.8390958670839469,0.8564409977908689,0.8309151785714286,0.8668250644329897,0.8581620071684588,0.8502878230095388,0.013220468372349874,5
3,15.468534088134765,0.09311543082417713,0.07361207008361817,0.0061797573141108,0.49816568848070625,0.738105348394507,3,208,"OrderedDict([('model__max_features', 0.49816568848070625), ('model__max_samples', 0.738105348394507), ('model__min_samples_leaf', 3), ('model__n_estimators', 208)])",0.8353334407216495,0.8550775497054491,0.8263761045655376,0.8700524668630338,0.8626523297491039,0.8498983783209548,0.01649914633015878,16
3,15.444096231460572,0.11448052430352831,0.07072148323059083,0.014401694579592058,0.49816568848070625,0.738105348394507,3,209,"OrderedDict([('model__max_features', 0.49816568848070625), ('model__max_samples', 0.738105348394507), ('model__min_samples_leaf', 3), ('model__n_estimators', 209)])",0.8374447717231223,0.8554514911634756,0.8304089193667158,0.8686947717231223,0.8580931899641576,0.8500186287881188,0.014043898545536893,10
3,18.473320150375365,0.09320600991304907,0.08146281242370605,0.010242915924195099,0.49816568848070625,0.738105348394507,3,251,"OrderedDict([('model__max_features', 0.49816568848070625), ('model__max_samples', 0.738105348394507), ('model__min_samples_leaf', 3), ('model__n_estimators', 251)])",0.836455265095729,0.8563834683357878,0.8306160254050075,0.8679814064801179,0.8608057347670252,0.8504483800167335,0.014415523871034256,4
3,19.32089762687683,0.047397549895506735,0.08854012489318848,0.0062308869188235205,0.49816568848070625,0.738105348394507,3,255,"OrderedDict([('model__max_features', 0.49816568848070625), ('model__max_samples', 0.738105348394507), ('model__min_samples_leaf', 3), ('model__n_estimators', 255)])",0.8345337812960235,0.8559577503681886,0.8288441181885126,0.8682086478276878,0.8590308243727599,0.8493150244106344,0.01505346958308794,35
3,24.27295265197754,0.24686240904655987,0.10372333526611328,0.015802800768847332,0.49816568848070625,0.738105348394507,3,327,"OrderedDict([('model__max_features', 0.49816568848070625), ('model__max_samples', 0.738105348394507), ('model__min_samples_leaf', 3), ('model__n_estimators', 327)])",0.8343036634756995,0.8550286496686303,0.8267155283505155,0.8710304675994108,0.8598537634408603,0.8493864145070233,0.016439730553642888,34
3,37.13655366897583,0.16554424525232433,0.1437375545501709,0.012777898502298417,0.49816568848070625,0.738105348394507,3,500,"OrderedDict([('model__max_features', 0.49816568848070625), ('model__max_samples', 0.738105348394507), ('model__min_samples_leaf', 3), ('model__n_estimators', 500)])",0.8355750644329897,0.8569472569955817,0.8276935290868925,0.8692988310014729,0.8574623655913979,0.8493954094216669,0.015363762038500933,33
3,24.40090718269348,0.15042562030313164,0.09905109405517579,0.018361773892455815,0.49816568848070625,0.738105348394507,3,332,"OrderedDict([('model__max_features', 0.49816568848070625), ('model__max_samples', 0.738105348394507), ('model__min_samples_leaf', 3), ('model__n_estimators', 332)])",0.8392799613402062,0.854203101988218,0.8281997882916053,0.8656572164948454,0.860605017921147,0.8495890172072045,0.01388959916567861,28
3,25.10029082298279,0.23722922102968697,0.09477272033691406,0.013851695923067541,0.49816568848070625,0.738105348394507,3,340,"OrderedDict([('model__max_features', 0.49816568848070625), ('model__max_samples', 0.738105348394507), ('model__min_samples_leaf', 3), ('model__n_estimators', 340)])",0.8369845360824743,0.8542721373343152,0.8273080817378499,0.8683668538291606,0.8613390681003585,0.8496541354168317,0.01528328685999602,26
3,14.88801965713501,0.13090898354988798,0.06378498077392578,0.012415502859711528,0.49816568848070625,0.738105348394507,3,198,"OrderedDict([('model__max_features', 0.49816568848070625), ('model__max_samples', 0.738105348394507), ('model__min_samples_leaf', 3), ('model__n_estimators', 198)])",0.8362769237849779,0.8533171483799705,0.8234622376656848,0.8693851251840943,0.8570666666666666,0.8479016203362788,0.016169625808940883,47
3,18.259855270385742,0.11112959177183221,0.07930536270141601,0.014288332384749455,0.49816568848070625,0.738105348394507,3,242,"OrderedDict([('model__max_features', 0.49816568848070625), ('model__max_samples', 0.738105348394507), ('model__min_samples_leaf', 3), ('model__n_estimators', 242)])",0.8387679491899853,0.8551350791605301,0.8263617222017673,0.8698798784977908,0.8583799283154122,0.8497049114730972,0.015338145664420504,25
3,18.315011930465698,0.18180990460724475,0.07672233581542968,0.010302783578066558,0.49816568848070625,0.738105348394507,3,248,"OrderedDict([('model__max_features', 0.49816568848070625), ('model__max_samples', 0.738105348394507), ('model__min_samples_leaf', 3), ('model__n_estimators', 248)])",0.8373469716494846,0.8547438788659794,0.8291662831369659,0.8684560244845362,0.8591713261648747,0.8497768968603682,0.01443008288129246,22
3,30.54480414390564,0.2282035441977232,0.11548652648925781,0.02554519584870369,0.49816568848070625,0.738105348394507,3,412,"OrderedDict([('model__max_features', 0.49816568848070625), ('model__max_samples', 0.738105348394507), ('model__min_samples_leaf', 3), ('model__n_estimators', 412)])",0.8376116071428572,0.8561533505154639,0.8274691642120766,0.8691089837997055,0.8596989247311828,0.8500084060802573,0.015219701777229836,12
3,21.06567301750183,0.1075867109541635,0.0907069206237793,0.015033914471308918,0.49816568848070625,0.738105348394507,3,284,"OrderedDict([('model__max_features', 0.49816568848070625), ('model__max_samples', 0.738105348394507), ('model__min_samples_leaf', 3), ('model__n_estimators', 284)])",0.8389923140648012,0.8555262794550811,0.8284701767304861,0.8679871594256259,0.8581448028673835,0.8498241465086755,0.014177188014408872,19
3,29.553478622436522,0.17856109989028204,0.1226898193359375,0.017920071342260528,0.49816568848070625,0.738105348394507,3,401,"OrderedDict([('model__max_features', 0.49816568848070625), ('model__max_samples', 0.738105348394507), ('model__min_samples_leaf', 3), ('model__n_estimators', 401)])",0.8382559370397644,0.8560152798232696,0.8275899760677468,0.8663015463917527,0.8566193548387098,0.8489564188322486,0.014003047838132707,39
3,31.08623504638672,0.20763715990174272,0.11765484809875489,0.024286044215588245,0.49816568848070625,0.738105348394507,3,419,"OrderedDict([('model__max_features', 0.49816568848070625), ('model__max_samples', 0.738105348394507), ('model__min_samples_leaf', 3), ('model__n_estimators', 419)])",0.8385723490427099,0.8554860088365243,0.8298221189248894,0.86891338365243,0.8568659498207886,0.8499319620554685,0.013947534451317849,15
3,34.535384035110475,0.25784541586255183,0.15382637977600097,0.022390670116152298,0.49816568848070625,0.738105348394507,3,467,"OrderedDict([('model__max_features', 0.49816568848070625), ('model__max_samples', 0.738105348394507), ('model__min_samples_leaf', 3), ('model__n_estimators', 467)])",0.8366508652430044,0.8571831277614139,0.8281192470544919,0.8684013715022091,0.8586724014336917,0.8498054025989623,0.014981293346747753,20
3,26.351391220092772,0.13047625091939177,0.09822316169738769,0.019804640926390726,0.49816568848070625,0.738105348394507,3,354,"OrderedDict([('model__max_features', 0.49816568848070625), ('model__max_samples', 0.738105348394507), ('model__min_samples_leaf', 3), ('model__n_estimators', 354)])",0.8365818298969073,0.8556816089837996,0.8293647597569955,0.8670091586892488,0.8602551971326166,0.8497785108919136,0.014369247508945646,21
3,27.18609013557434,0.20552672057613028,0.09565200805664062,0.02399575007444323,0.49816568848070625,0.738105348394507,3,367,"OrderedDict([('model__max_features', 0.49816568848070625), ('model__max_samples', 0.738105348394507), ('model__min_samples_leaf', 3), ('model__n_estimators', 367)])",0.8360698177466863,0.8543296667893961,0.8307598490427099,0.8680274300441826,0.8614193548387097,0.8501212236923369,0.014410383922639849,6
3,31.520268058776857,0.1524081200701007,0.12859787940979003,0.0165741158397821,0.49816568848070625,0.738105348394507,3,423,"OrderedDict([('model__max_features', 0.49816568848070625), ('model__max_samples', 0.738105348394507), ('model__min_samples_leaf', 3), ('model__n_estimators', 423)])",0.8385665960972017,0.855523402982327,0.8302881075110455,0.8673831001472754,0.8587870967741935,0.8501096607024087,0.01363168752507762,8
3,22.18707928657532,0.1943244380774496,0.0911585807800293,0.013154843602591667,0.49816568848070625,0.738105348394507,3,296,"OrderedDict([('model__max_features', 0.49816568848070625), ('model__max_samples', 0.738105348394507), ('model__min_samples_leaf', 3), ('model__n_estimators', 296)])",0.837887748527246,0.8550372790868925,0.8306678019145802,0.8697849548969072,0.8592974910394265,0.8505350550930105,0.014298748611612634,2
3,22.057422494888307,0.13485108463909168,0.08172879219055176,0.020125333115134186,0.49816568848070625,0.738105348394507,3,293,"OrderedDict([('model__max_features', 0.49816568848070625), ('model__max_samples', 0.738105348394507), ('model__min_samples_leaf', 3), ('model__n_estimators', 293)])",0.8381811487481591,0.8556528442562592,0.8244661266568483,0.8678260769513992,0.8550078853046595,0.848226816383465,0.015170666531269295,45
3,24.26602897644043,0.27324415017547565,0.10234627723693848,0.00984980156237434,0.49816568848070625,0.738105348394507,3,328,"OrderedDict([('model__max_features', 0.49816568848070625), ('model__max_samples', 0.738105348394507), ('model__min_samples_leaf', 3), ('model__n_estimators', 328)])",0.8369011183726067,0.8565848214285714,0.8272217875552283,0.8704954436671576,0.8590738351254481,0.8500554012298025,0.015723675676061956,9
3,15.039242935180663,0.07786035344096709,0.06869587898254395,0.01194958049446601,0.49816568848070625,0.738105348394507,3,202,"OrderedDict([('model__max_features', 0.49816568848070625), ('model__max_samples', 0.738105348394507), ('model__min_samples_leaf', 3), ('model__n_estimators', 202)])",0.8358742175994109,0.8575167986008836,0.8275151877761414,0.8682920655375553,0.8584143369175627,0.8495225212863108,0.015270020092714777,29
3,14.643889474868775,0.09263463702034845,0.07250518798828125,0.006964690554029093,0.49816568848070625,0.738105348394507,3,197,"OrderedDict([('model__max_features', 0.49816568848070625), ('model__max_samples', 0.738105348394507), ('model__min_samples_leaf', 3), ('model__n_estimators', 197)])",0.837890625,0.8593519882179677,0.824845821060383,0.8646590804491902,0.8575483870967742,0.848859180364863,0.015047849047786926,41
3,32.75011215209961,0.2512741315266467,0.12845954895019532,0.01608519308143618,0.49816568848070625,0.738105348394507,3,436,"OrderedDict([('model__max_features', 0.49816568848070625), ('model__max_samples', 0.738105348394507), ('model__min_samples_leaf', 3), ('model__n_estimators', 436)])",0.838060336892489,0.85707382179676,0.8272735640648012,0.870575984904271,0.8570838709677419,0.8500135157252127,0.015379446476022032,11
3,22.696906757354736,0.1793053801744137,0.09948620796203614,0.014810070197010108,0.49816568848070625,0.738105348394507,3,306,"OrderedDict([('model__max_features', 0.49816568848070625), ('model__max_samples', 0.738105348394507), ('model__min_samples_leaf', 3), ('model__n_estimators', 306)])",0.8378532308541973,0.8549193437039764,0.8272793170103092,0.8685451951399118,0.8567627240143371,0.8490719621445463,0.01465145594296366,37
3,32.77035593986511,0.16583628515548454,0.11890730857849122,0.02099818540638719,0.49816568848070625,0.738105348394507,3,426,"OrderedDict([('model__max_features', 0.49816568848070625), ('model__max_samples', 0.738105348394507), ('model__min_samples_leaf', 3), ('model__n_estimators', 426)])",0.8395273379970544,0.8583912463181147,0.8295287187039764,0.8698626196612665,0.860220788530466,0.8515061422421756,0.01474319421173343,1
3,9.08780460357666,0.05374121059579954,0.052427816390991214,0.009269739691578028,0.49816568848070625,0.738105348394507,3,114,"OrderedDict([('model__max_features', 0.49816568848070625), ('model__max_samples', 0.738105348394507), ('model__min_samples_leaf', 3), ('model__n_estimators', 114)])",0.8375339423784978,0.8537687546023564,0.8235082612297497,0.8663303111192932,0.8561777777777776,0.8474638094215349,0.015126804112036448,48
3,8.37991247177124,0.0770223144703443,0.05092134475708008,0.0048952953412793355,0.49816568848070625,0.738105348394507,3,100,"OrderedDict([('model__max_features', 0.49816568848070625), ('model__max_samples', 0.738105348394507), ('model__min_samples_leaf', 3), ('model__n_estimators', 100)])",0.8330754096097202,0.8570824512150221,0.8293244891384388,0.8635602678571429,0.8572186379928316,0.8480522511626312,0.014007859191468994,46
3,37.24287600517273,0.18991301050416512,0.1223611831665039,0.0224458039608752,0.49816568848070625,0.738105348394507,3,425,"OrderedDict([('model__max_features', 0.49816568848070625), ('model__max_samples', 0.738105348394507), ('model__min_samples_leaf', 3), ('model__n_estimators', 425)])",0.8367256535346097,0.855871456185567,0.8293158597201767,0.8685682069219441,0.858821505376344,0.8498605363477283,0.014567195651786494,18
3,11.463383769989013,0.05598147971151624,0.06308994293212891,0.005043719241581866,0.49816568848070625,0.738105348394507,3,153,"OrderedDict([('model__max_features', 0.49816568848070625), ('model__max_samples', 0.738105348394507), ('model__min_samples_leaf', 3), ('model__n_estimators', 153)])",0.8344331047496318,0.8564755154639176,0.8264940399484537,0.8658902107879234,0.8611440860215054,0.8488873913942865,0.015538923056608972,40
3,30.61925039291382,0.2298734206359913,0.11114602088928223,0.019368635931879388,0.49816568848070625,0.738105348394507,3,413,"OrderedDict([('model__max_features', 0.49816568848070625), ('model__max_samples', 0.738105348394507), ('model__min_samples_leaf', 3), ('model__n_estimators', 413)])",0.8368982418998527,0.8556902384020618,0.8280876058541973,0.8670379234167893,0.8596186379928316,0.8494665295131464,0.014598451787637518,31
3,23.718922328948974,0.18331583913571922,0.09341983795166016,0.019532263816913933,0.49816568848070625,0.738105348394507,3,315,"OrderedDict([('model__max_features', 0.49816568848070625), ('model__max_samples', 0.738105348394507), ('model__min_samples_leaf', 3), ('model__n_estimators', 315)])",0.8349997698821797,0.857361469072165,0.8287233063328423,0.8699489138438881,0.8595383512544802,0.850114362077111,0.015625426321706427,7
3,7.724360227584839,0.037242366336440055,0.04569153785705567,0.004144691291892555,0.49816568848070625,0.738105348394507,3,103,"OrderedDict([('model__max_features', 0.49816568848070625), ('model__max_samples', 0.738105348394507), ('model__min_samples_leaf', 3), ('model__n_estimators', 103)])",0.8336823453608248,0.8564294918998526,0.8240662969440354,0.8658154224963182,0.8549333333333333,0.8469853780068728,0.015551120930120815,50
3,10.467316579818725,0.06002659433260931,0.05544881820678711,0.008035039780760448,0.49816568848070625,0.738105348394507,3,141,"OrderedDict([('model__max_features', 0.49816568848070625), ('model__max_samples', 0.738105348394507), ('model__min_samples_leaf', 3), ('model__n_estimators', 141)])",0.8355031526141385,0.8519335649852725,0.8229847431885126,0.8677110180412371,0.8586408602150538,0.8473546678088428,0.0161063780632215,49
3,29.186926460266115,0.15556562764257467,0.1249699592590332,0.013613713993493747,0.49816568848070625,0.738105348394507,3,391,"OrderedDict([('model__max_features', 0.49816568848070625), ('model__max_samples', 0.738105348394507), ('model__min_samples_leaf', 3), ('model__n_estimators', 391)])",0.8392224318851251,0.8554227264359351,0.8269226343888071,0.8700409609720177,0.8584028673835126,0.8500023242130794,0.015168223428994106,13
3,27.53751826286316,0.20914284597114197,0.11467461585998535,0.01739536617481606,0.49816568848070625,0.738105348394507,3,374,"OrderedDict([('model__max_features', 0.49816568848070625), ('model__max_samples', 0.738105348394507), ('model__min_samples_leaf', 3), ('model__n_estimators', 374)])",0.8383997606774669,0.8555550441826215,0.8291835419734904,0.8672622882916052,0.8589304659498208,0.849866220215001,0.01397425723943411,17
