mean_fit_time,std_fit_time,mean_score_time,std_score_time,param_model__colsample_bylevel,param_model__depth,param_model__iterations,param_model__l2_leaf_reg,param_model__learning_rate,params,split0_test_score,split1_test_score,split2_test_score,split3_test_score,split4_test_score,mean_test_score,std_test_score,rank_test_score
2.7326319217681885,0.05138678268087093,0.008051776885986328,0.0030181655258242905,0.55,11,105,5.0,0.3775,"OrderedDict([('model__colsample_bylevel', 0.55), ('model__depth', 11), ('model__iterations', 105), ('model__l2_leaf_reg', 5.0), ('model__learning_rate', 0.3775)])",0.7542351640856442,0.7530581377773711,0.787697325331159,0.750774495177206,0.7883605173514681,0.7668251279445697,0.01734982213809156,81
18.919029712677002,0.4549845492918425,0.017307281494140625,0.004066395247328588,1.0,16,11,15.0,0.5,"OrderedDict([('model__colsample_bylevel', 1.0), ('model__depth', 16), ('model__iterations', 11), ('model__l2_leaf_reg', 15.0), ('model__learning_rate', 0.5)])",0.7580923169213449,0.7545788525030099,0.7894493861103942,0.7624158285941665,0.8025620804282267,0.7734196929114285,0.019064210270461273,77
4.9401716709136965,0.07595066376458176,0.005993080139160156,0.002122120373582877,0.55,16,4,7.0,0.01,"OrderedDict([('model__colsample_bylevel', 0.55), ('model__depth', 16), ('model__iterations', 4), ('model__l2_leaf_reg', 7.0), ('model__learning_rate', 0.01)])",0.7684711910230546,0.7516304755755118,0.7906719214780648,0.7637041690615267,0.7999607225811228,0.7748876959438562,0.01780415428295338,74
0.14976143836975098,0.005495662477013623,0.005295991897583008,0.0006728212010396877,1.0,3,34,13.0,0.255,"OrderedDict([('model__colsample_bylevel', 1.0), ('model__depth', 3), ('model__iterations', 34), ('model__l2_leaf_reg', 13.0), ('model__learning_rate', 0.255)])",0.7890168215006226,0.7931689165498798,0.8173276137734188,0.7796228339583104,0.8266714238269984,0.8011615219218461,0.017817902172297315,14
0.1790320873260498,0.02682983141088556,0.004632806777954102,0.001250424697021579,0.775,7,25,11.0,0.5,"OrderedDict([('model__colsample_bylevel', 0.775), ('model__depth', 7), ('model__iterations', 25), ('model__l2_leaf_reg', 11.0), ('model__learning_rate', 0.5)])",0.774273869150584,0.7832760451957651,0.8083745214992459,0.7674951597264564,0.8148162238360466,0.7896471638816196,0.01871809891316371,56
8.369308710098267,0.09990392264682905,0.014872503280639649,0.004308048173465857,0.775,16,6,3.0,0.5,"OrderedDict([('model__colsample_bylevel', 0.775), ('model__depth', 16), ('model__iterations', 6), ('model__l2_leaf_reg', 3.0), ('model__learning_rate', 0.5)])",0.74134939744185,0.7380453212060019,0.7774821118090336,0.7384643146141816,0.7841114615004179,0.7558905213142969,0.02047528449333539,89
1.4046549320220947,0.4657869624910733,0.008828973770141602,0.004768019252158227,0.775,13,13,13.0,0.255,"OrderedDict([('model__colsample_bylevel', 0.775), ('model__depth', 13), ('model__iterations', 13), ('model__l2_leaf_reg', 13.0), ('model__learning_rate', 0.255)])",0.7839306185003637,0.7882103994678012,0.8152706903057777,0.7760703867797555,0.8262005060823449,0.7979365202272086,0.01932985695178597,30
19.268313932418824,0.23454767558932588,0.023627662658691408,0.014258399717250184,0.55,16,21,13.0,0.1325,"OrderedDict([('model__colsample_bylevel', 0.55), ('model__depth', 16), ('model__iterations', 21), ('model__l2_leaf_reg', 13.0), ('model__learning_rate', 0.1325)])",0.7812280435041643,0.7850239931562696,0.8101049899801454,0.7715853579540373,0.8187943477532185,0.793347346469567,0.01798948775953909,46
3.0767757892608643,0.5051543759234819,0.011130952835083007,0.004500301699851699,1.0,11,77,7.0,0.1325,"OrderedDict([('model__colsample_bylevel', 1.0), ('model__depth', 11), ('model__iterations', 77), ('model__l2_leaf_reg', 7.0), ('model__learning_rate', 0.1325)])",0.7784093944013246,0.7908446598647499,0.8088125366940546,0.7753383050457089,0.8195613884464753,0.7945932568904627,0.017159942114141825,40
0.6066383361816406,0.016370033229986782,0.00586390495300293,0.0015120640269599842,0.1,13,56,5.0,0.255,"OrderedDict([('model__colsample_bylevel', 0.1), ('model__depth', 13), ('model__iterations', 56), ('model__l2_leaf_reg', 5.0), ('model__learning_rate', 0.255)])",0.7699154405269149,0.7813810639656416,0.8045228667580399,0.7776188630318259,0.8193948192878859,0.7905666107140616,0.0184625673271609,53
0.06479129791259766,0.018755350282078864,0.004012012481689453,0.0015211383120472934,1.0,3,5,13.0,0.255,"OrderedDict([('model__colsample_bylevel', 1.0), ('model__depth', 3), ('model__iterations', 5), ('model__l2_leaf_reg', 13.0), ('model__learning_rate', 0.255)])",0.7814535148883017,0.7886252800572505,0.8005000159371725,0.7635288601631349,0.8154161812683728,0.7899047704628465,0.017503375494871073,54
0.21083006858825684,0.027933571804115695,0.005750799179077148,0.0010979876055825677,1.0,5,34,13.0,0.1325,"OrderedDict([('model__colsample_bylevel', 1.0), ('model__depth', 5), ('model__iterations', 34), ('model__l2_leaf_reg', 13.0), ('model__learning_rate', 0.1325)])",0.7876013337223013,0.80175236924064,0.8213165338397584,0.7816663907650768,0.8279155514930046,0.8040504358121563,0.01813593907002508,1
0.8469166278839111,0.012989932778012456,0.0051285743713378905,0.0005677806666308458,1.0,5,170,13.0,0.1325,"OrderedDict([('model__colsample_bylevel', 1.0), ('model__depth', 5), ('model__iterations', 170), ('model__l2_leaf_reg', 13.0), ('model__learning_rate', 0.1325)])",0.7840343661532014,0.7771150427373277,0.8142836138104341,0.7741836311870931,0.8224516718094038,0.794413665139492,0.01998585067682925,42
1.2525621414184571,0.02787499544704246,0.008123254776000977,0.0030201810751219757,0.775,11,34,1.0,0.1325,"OrderedDict([('model__colsample_bylevel', 0.775), ('model__depth', 11), ('model__iterations', 34), ('model__l2_leaf_reg', 1.0), ('model__learning_rate', 0.1325)])",0.777185993861426,0.7917762133072306,0.80605180712114,0.7824431994028186,0.8186205811618508,0.7952155589708931,0.015265954430036822,36
0.6488441944122314,0.017226190121912406,0.006071329116821289,0.0011584120324790628,0.325,11,34,13.0,0.1325,"OrderedDict([('model__colsample_bylevel', 0.325), ('model__depth', 11), ('model__iterations', 34), ('model__l2_leaf_reg', 13.0), ('model__learning_rate', 0.1325)])",0.7921092205983261,0.7969408854281803,0.817260266366705,0.7841037499652981,0.8283566513018613,0.8037541547320742,0.016467309592270062,3
0.5153915405273437,0.03798353014566201,0.005687046051025391,0.0010381707149938729,1.0,9,34,13.0,0.1325,"OrderedDict([('model__colsample_bylevel', 1.0), ('model__depth', 9), ('model__iterations', 34), ('model__l2_leaf_reg', 13.0), ('model__learning_rate', 0.1325)])",0.7890214439207985,0.7975228492785603,0.8187059221505106,0.7786573497613023,0.8272163723088026,0.8022247874839948,0.018155262250377464,9
0.12311129570007324,0.01618294811443793,0.005047941207885742,0.0012716761008703503,1.0,1,34,7.0,0.255,"OrderedDict([('model__colsample_bylevel', 1.0), ('model__depth', 1), ('model__iterations', 34), ('model__l2_leaf_reg', 7.0), ('model__learning_rate', 0.255)])",0.7856460499878789,0.7984605719491369,0.8165199589951972,0.7736756980738642,0.823410986778316,0.7995426531568788,0.01855431005473141,22
0.21779437065124513,0.03573426535203161,0.005424880981445312,0.002565954729835648,0.1,11,34,11.0,0.1325,"OrderedDict([('model__colsample_bylevel', 0.1), ('model__depth', 11), ('model__iterations', 34), ('model__l2_leaf_reg', 11.0), ('model__learning_rate', 0.1325)])",0.7927984748067829,0.791425595510447,0.8117244123553187,0.7770029684269188,0.8273202209817504,0.8000543344162436,0.0175390273222752,18
0.1254796028137207,0.013823241888516172,0.0308016300201416,0.006166960522554404,0.1,7,34,13.0,0.255,"OrderedDict([('model__colsample_bylevel', 0.1), ('model__depth', 7), ('model__iterations', 34), ('model__l2_leaf_reg', 13.0), ('model__learning_rate', 0.255)])",0.7871791526795657,0.7964288394962209,0.8144399009221966,0.7799199851115963,0.8253275603067752,0.8006590877032709,0.016900641277829243,17
5.4182885646820065,0.060133288666138346,0.016588926315307617,0.012913475580600468,1.0,13,34,9.0,0.1325,"OrderedDict([('model__colsample_bylevel', 1.0), ('model__depth', 13), ('model__iterations', 34), ('model__l2_leaf_reg', 9.0), ('model__learning_rate', 0.1325)])",0.7832916973116003,0.7953944655854752,0.8121994429187029,0.7763079020614476,0.8263578213987901,0.7987102658552033,0.01842247494934625,27
0.2319261074066162,0.012770458210802034,0.004861068725585937,0.0008495370930507154,1.0,3,34,3.0,0.1325,"OrderedDict([('model__colsample_bylevel', 1.0), ('model__depth', 3), ('model__iterations', 34), ('model__l2_leaf_reg', 3.0), ('model__learning_rate', 0.1325)])",0.7900373491550216,0.7939513803133763,0.8184272786815125,0.7762066239002066,0.8270626557087466,0.8011370575517727,0.018801342465019077,15
0.2764233112335205,0.011380561310096777,0.004800844192504883,0.0010973448600646932,0.775,5,34,13.0,0.3775,"OrderedDict([('model__colsample_bylevel', 0.775), ('model__depth', 5), ('model__iterations', 34), ('model__l2_leaf_reg', 13.0), ('model__learning_rate', 0.3775)])",0.7837272320126223,0.7948011914835864,0.8172890560978192,0.775881197118148,0.819676547370932,0.7982750448166216,0.017576961430723702,29
0.11855936050415039,0.017504445765026716,0.005315065383911133,0.001341577018573539,0.775,3,21,13.0,0.1325,"OrderedDict([('model__colsample_bylevel', 0.775), ('model__depth', 3), ('model__iterations', 21), ('model__l2_leaf_reg', 13.0), ('model__learning_rate', 0.1325)])",0.7865684796140998,0.7997242355041133,0.8138887832122965,0.774175405549632,0.823592979007145,0.7995899765774575,0.017866604747263013,20
0.16962924003601074,0.015381545469177626,0.016751575469970702,0.022252581853731055,0.325,5,29,13.0,0.1325,"OrderedDict([('model__colsample_bylevel', 0.325), ('model__depth', 5), ('model__iterations', 29), ('model__l2_leaf_reg', 13.0), ('model__learning_rate', 0.1325)])",0.7905375977385065,0.8021631370113586,0.820918618627573,0.7776733578800065,0.8255630191791019,0.8033711460873093,0.01803845110739593,5
0.6441984653472901,0.030500413038949625,0.004469108581542969,0.0003864413892018397,1.0,1,200,13.0,0.1325,"OrderedDict([('model__colsample_bylevel', 1.0), ('model__depth', 1), ('model__iterations', 200), ('model__l2_leaf_reg', 13.0), ('model__learning_rate', 0.1325)])",0.7855859585255919,0.7974195147079539,0.8213597184364296,0.7776970065877074,0.8266431481982255,0.8017410692911817,0.019301737317298003,10
0.349671459197998,0.013832751556322248,0.005294084548950195,0.0016742354601927206,1.0,11,8,13.0,0.1325,"OrderedDict([('model__colsample_bylevel', 1.0), ('model__depth', 11), ('model__iterations', 8), ('model__l2_leaf_reg', 13.0), ('model__learning_rate', 0.1325)])",0.7839727338841889,0.7914070878261593,0.8116514098228506,0.7732037521245279,0.8210101288443288,0.7962490225004111,0.017638492015369767,33
0.27967281341552735,0.0061647395425078536,0.0052416324615478516,0.0007671208833125949,0.325,5,65,13.0,0.1325,"OrderedDict([('model__colsample_bylevel', 0.325), ('model__depth', 5), ('model__iterations', 65), ('model__l2_leaf_reg', 13.0), ('model__learning_rate', 0.1325)])",0.7877251118625683,0.7994311971695582,0.8227303152784019,0.7809348231333715,0.826561405925955,0.8034765706739708,0.018309670579043945,4
0.6419909477233887,0.02148300344159634,0.0053273200988769535,0.000728891938670101,0.325,5,145,13.0,0.1325,"OrderedDict([('model__colsample_bylevel', 0.325), ('model__depth', 5), ('model__iterations', 145), ('model__l2_leaf_reg', 13.0), ('model__learning_rate', 0.1325)])",0.7856511860102966,0.7887255300138087,0.8209196468322556,0.7809852051628214,0.8215005824779529,0.799556430099427,0.017852100482994782,21
1.3201111793518066,0.029756492669546306,0.011315441131591797,0.006446740165574612,1.0,11,25,13.0,0.1325,"OrderedDict([('model__colsample_bylevel', 1.0), ('model__depth', 11), ('model__iterations', 25), ('model__l2_leaf_reg', 13.0), ('model__learning_rate', 0.1325)])",0.7848386672638149,0.7983238207263443,0.8157714259862281,0.781168225596333,0.8271269185014123,0.8014458116148265,0.017671825278554876,13
7.661860418319702,0.07621350596506911,0.016011476516723633,0.011196833705394134,1.0,13,47,13.0,0.1325,"OrderedDict([('model__colsample_bylevel', 1.0), ('model__depth', 13), ('model__iterations', 47), ('model__l2_leaf_reg', 13.0), ('model__learning_rate', 0.1325)])",0.7861832779327715,0.7919283876002627,0.8099877746463233,0.7787447471593275,0.81931873214137,0.797232583896011,0.01511631306376127,31
0.5527066230773926,0.01630612746386188,0.005547809600830078,0.0011435561119947685,0.55,5,105,13.0,0.1325,"OrderedDict([('model__colsample_bylevel', 0.55), ('model__depth', 5), ('model__iterations', 105), ('model__l2_leaf_reg', 13.0), ('model__learning_rate', 0.1325)])",0.7864390518491734,0.7941421122820077,0.8194349192705093,0.7782378422507811,0.8253080244178049,0.8007123900140553,0.018479612347074254,16
0.0676584243774414,0.0133972598413048,0.011342906951904297,0.008904555896920933,0.325,5,9,13.0,0.1325,"OrderedDict([('model__colsample_bylevel', 0.325), ('model__depth', 5), ('model__iterations', 9), ('model__l2_leaf_reg', 13.0), ('model__learning_rate', 0.1325)])",0.7856065026152625,0.7918774914684716,0.8083004907620951,0.7711828158207799,0.8190750476315819,0.7952084696596382,0.01686143404253622,37
0.07884354591369629,0.02292843330369624,0.011253595352172852,0.01134373334318988,0.325,5,7,13.0,0.1325,"OrderedDict([('model__colsample_bylevel', 0.325), ('model__depth', 5), ('model__iterations', 7), ('model__l2_leaf_reg', 13.0), ('model__learning_rate', 0.1325)])",0.7857667465146951,0.7865529335193698,0.8044118206523136,0.7695407729425882,0.817947107094715,0.7928438761447364,0.016713383176510863,48
0.09107422828674316,0.009436710651298887,0.00824599266052246,0.007114727971644094,0.325,5,15,13.0,0.1325,"OrderedDict([('model__colsample_bylevel', 0.325), ('model__depth', 5), ('model__iterations', 15), ('model__l2_leaf_reg', 13.0), ('model__learning_rate', 0.1325)])",0.7863743379667103,0.7990831498844813,0.8153282697680062,0.7741419888974458,0.822350907750504,0.7994557308534296,0.01782231076483825,23
0.0436549186706543,0.014082026906903737,0.004410982131958008,0.0011470304906199902,0.325,5,3,13.0,0.1325,"OrderedDict([('model__colsample_bylevel', 0.325), ('model__depth', 5), ('model__iterations', 3), ('model__l2_leaf_reg', 13.0), ('model__learning_rate', 0.1325)])",0.7751665098467823,0.7759639675951012,0.790301767792311,0.762364418360034,0.7985289475605329,0.7804651222309522,0.01264145994981274,71
0.27726054191589355,0.024534081257088117,0.00557866096496582,0.0019795600759600893,0.325,5,56,13.0,0.1325,"OrderedDict([('model__colsample_bylevel', 0.325), ('model__depth', 5), ('model__iterations', 56), ('model__l2_leaf_reg', 13.0), ('model__learning_rate', 0.1325)])",0.7880918238631927,0.7990363665714206,0.8223601615926479,0.7812114101930044,0.8258149293263511,0.8033029383093233,0.017930893733572196,6
0.5661750316619873,0.014853231477307632,0.004969930648803711,0.000654200780891427,0.325,5,124,13.0,0.1325,"OrderedDict([('model__colsample_bylevel', 0.325), ('model__depth', 5), ('model__iterations', 124), ('model__l2_leaf_reg', 13.0), ('model__learning_rate', 0.1325)])",0.7853039908948594,0.7908539137068937,0.82161985422114,0.7801297388668568,0.8219293438306177,0.7999673683040734,0.018126002034897414,19
0.4369659423828125,0.021808032053455304,0.006142854690551758,0.002290698555722699,0.325,5,90,13.0,0.1325,"OrderedDict([('model__colsample_bylevel', 0.325), ('model__depth', 5), ('model__iterations', 90), ('model__l2_leaf_reg', 13.0), ('model__learning_rate', 0.1325)])",0.7864770584150647,0.7969676187499293,0.8220887155564284,0.7822241918054142,0.8233770560237886,0.8022269281101251,0.017422093452624365,8
0.08736090660095215,0.010962049828370745,0.003952646255493164,0.0007203290716656903,0.325,5,18,13.0,0.1325,"OrderedDict([('model__colsample_bylevel', 0.325), ('model__depth', 5), ('model__iterations', 18), ('model__l2_leaf_reg', 13.0), ('model__learning_rate', 0.1325)])",0.7885052736678186,0.8007940824764102,0.817832976374941,0.776705817273633,0.8234248675415317,0.801452603466867,0.01750181379679375,12
0.045337581634521486,0.004810996601184475,0.0038918972015380858,0.0012042149706223003,0.775,5,2,13.0,0.1325,"OrderedDict([('model__colsample_bylevel', 0.775), ('model__depth', 5), ('model__iterations', 2), ('model__l2_leaf_reg', 13.0), ('model__learning_rate', 0.1325)])",0.774206587256912,0.7824272622302377,0.7971958801894775,0.7600401616749043,0.8058831815531854,0.7839506145809434,0.016281590733587925,66
0.22604079246520997,0.005200206041937128,0.00532236099243164,0.0011333570219858131,0.325,5,40,13.0,0.1325,"OrderedDict([('model__colsample_bylevel', 0.325), ('model__depth', 5), ('model__iterations', 40), ('model__l2_leaf_reg', 13.0), ('model__learning_rate', 0.1325)])",0.788620834172217,0.8025497419720349,0.8213813107347654,0.7798007133684088,0.826534672604206,0.8037774545703262,0.01807706427094794,2
0.07403650283813476,0.005350806021375756,0.004222393035888672,0.0009041763888443109,0.55,1,7,5.0,0.1325,"OrderedDict([('model__colsample_bylevel', 0.55), ('model__depth', 1), ('model__iterations', 7), ('model__l2_leaf_reg', 5.0), ('model__learning_rate', 0.1325)])",0.76060229107688,0.7548451575158164,0.7745327066768527,0.7373564240686266,0.7850939110746897,0.7624860980825731,0.016429651271630298,86
0.42888216972351073,0.022566186306722847,0.008809947967529297,0.009014614330965304,0.775,13,3,5.0,0.1325,"OrderedDict([('model__colsample_bylevel', 0.775), ('model__depth', 13), ('model__iterations', 3), ('model__l2_leaf_reg', 5.0), ('model__learning_rate', 0.1325)])",0.7728886839045275,0.7859807376134753,0.8083560138149583,0.761277091908132,0.8109964434400028,0.7878997941362191,0.01944066158780448,60
0.07156200408935547,0.010116488453999836,0.0044095516204833984,0.0012818840293811918,1.0,9,2,5.0,0.3775,"OrderedDict([('model__colsample_bylevel', 1.0), ('model__depth', 9), ('model__iterations', 2), ('model__l2_leaf_reg', 5.0), ('model__learning_rate', 0.3775)])",0.7705492256932603,0.7715190387520062,0.7959635768773219,0.7601954205819844,0.8058574764361193,0.7808169476681384,0.017167254069953262,69
0.0632239818572998,0.011788917916106012,0.005646991729736328,0.001391351290351344,0.775,5,5,5.0,0.255,"OrderedDict([('model__colsample_bylevel', 0.775), ('model__depth', 5), ('model__iterations', 5), ('model__l2_leaf_reg', 5.0), ('model__learning_rate', 0.255)])",0.785195107219604,0.7868850436318657,0.8132230206802809,0.7710625158729097,0.8182257505637132,0.7949182875936748,0.017924687852241734,38
0.06220078468322754,0.009688109630424378,0.004871654510498047,0.000840825329352083,0.325,3,6,13.0,0.01,"OrderedDict([('model__colsample_bylevel', 0.325), ('model__depth', 3), ('model__iterations', 6), ('model__l2_leaf_reg', 13.0), ('model__learning_rate', 0.01)])",0.7725594648675522,0.7522412291570059,0.783707891162478,0.7552405022162952,0.7988785371526339,0.7725255249111932,0.017491440105963336,78
0.10570173263549805,0.013316369853558887,0.003992223739624023,0.0006452087023579567,0.325,9,5,13.0,0.01,"OrderedDict([('model__colsample_bylevel', 0.325), ('model__depth', 9), ('model__iterations', 5), ('model__l2_leaf_reg', 13.0), ('model__learning_rate', 0.01)])",0.7824103558647213,0.7902241383387709,0.8024726266208362,0.7679671056757926,0.8133052770548928,0.7912759007110027,0.015707731272868033,49
0.07001128196716308,0.016936718605328114,0.00976409912109375,0.008617254622872394,0.775,5,7,13.0,0.3775,"OrderedDict([('model__colsample_bylevel', 0.775), ('model__depth', 5), ('model__iterations', 7), ('model__l2_leaf_reg', 13.0), ('model__learning_rate', 0.3775)])",0.7849218708269818,0.7955646334604536,0.8163220295937872,0.7728469650996485,0.8262035906963928,0.7991718179354528,0.019666810355430893,26
0.6689574241638183,0.047289115285770296,0.011380434036254883,0.006571379842916953,0.775,13,6,15.0,0.5,"OrderedDict([('model__colsample_bylevel', 0.775), ('model__depth', 13), ('model__iterations', 6), ('model__l2_leaf_reg', 15.0), ('model__learning_rate', 0.5)])",0.7745126941930076,0.7810571794906068,0.7965208638153181,0.7676591583733391,0.8124194787207899,0.7864338749186123,0.016127692550017385,62
0.06912817955017089,0.011204341081409074,0.004792308807373047,0.001311395144202034,0.1,7,11,13.0,0.1325,"OrderedDict([('model__colsample_bylevel', 0.1), ('model__depth', 7), ('model__iterations', 11), ('model__l2_leaf_reg', 13.0), ('model__learning_rate', 0.1325)])",0.7882186836169103,0.7864819873962671,0.803407778779706,0.7729832022200995,0.8171831510155063,0.793654960605698,0.015211965377360382,43
3.5606400966644287,0.1077753026291565,0.015834760665893555,0.012746843287027137,0.775,16,2,13.0,0.01,"OrderedDict([('model__colsample_bylevel', 0.775), ('model__depth', 16), ('model__iterations', 2), ('model__l2_leaf_reg', 13.0), ('model__learning_rate', 0.01)])",0.7752317373314872,0.7777633257897383,0.7928018474781737,0.7468493238011905,0.7988204435880641,0.7782933355977308,0.018056795128887956,73
0.30382080078125,0.016138408384798138,0.005372142791748047,0.0011942653563538263,1.0,13,2,1.0,0.3775,"OrderedDict([('model__colsample_bylevel', 1.0), ('model__depth', 13), ('model__iterations', 2), ('model__l2_leaf_reg', 1.0), ('model__learning_rate', 0.3775)])",0.7686673870794112,0.740517125263092,0.7636378498594959,0.7446828965348473,0.757180210350114,0.754937093817392,0.010792031648961888,90
0.07305445671081542,0.023323537676193884,0.0072631359100341795,0.004346539076129452,0.325,5,7,15.0,0.3775,"OrderedDict([('model__colsample_bylevel', 0.325), ('model__depth', 5), ('model__iterations', 7), ('model__l2_leaf_reg', 15.0), ('model__learning_rate', 0.3775)])",0.7904456629372296,0.790070935841056,0.8146517110868227,0.7779041898312615,0.8235261457027727,0.7993197290798285,0.016993733112945126,25
0.6340333938598632,0.012972056728092185,0.005329704284667969,0.0003741091131770451,1.0,13,4,5.0,0.5,"OrderedDict([('model__colsample_bylevel', 1.0), ('model__depth', 13), ('model__iterations', 4), ('model__l2_leaf_reg', 5.0), ('model__learning_rate', 0.5)])",0.7626787849403605,0.7576264511823839,0.7792732443662096,0.7683501119200797,0.8009400875413467,0.773773735990076,0.01537207658382785,76
7.273450231552124,0.20992623947523917,0.016704559326171875,0.003334442020014645,0.775,16,5,5.0,0.1325,"OrderedDict([('model__colsample_bylevel', 0.775), ('model__depth', 16), ('model__iterations', 5), ('model__l2_leaf_reg', 5.0), ('model__learning_rate', 0.1325)])",0.77783672790175,0.7717200527674644,0.7964278112915382,0.7572311064819052,0.8002239429798812,0.7806879282845077,0.01592591856844514,70
0.08050603866577148,0.019114788339765328,0.005664300918579101,0.00130197656407616,0.325,5,7,1.0,0.255,"OrderedDict([('model__colsample_bylevel', 0.325), ('model__depth', 5), ('model__iterations', 7), ('model__l2_leaf_reg', 1.0), ('model__learning_rate', 0.255)])",0.7829701823082517,0.7922065169669196,0.8100396989827972,0.7772019260330114,0.821141739043708,0.7967120126669376,0.01651798793407303,32
8.660936880111695,0.175180785338954,0.015531301498413086,0.005068841022765019,0.775,16,6,5.0,0.255,"OrderedDict([('model__colsample_bylevel', 0.775), ('model__depth', 16), ('model__iterations', 6), ('model__l2_leaf_reg', 5.0), ('model__learning_rate', 0.255)])",0.7737484540572523,0.7729225381438232,0.7960926165649944,0.755555132849186,0.8027877713560683,0.7802213025942649,0.017115687424781433,72
0.04632935523986816,0.007721936157321042,0.004498815536499024,0.0012684098542785922,0.1,16,3,1.0,0.255,"OrderedDict([('model__colsample_bylevel', 0.1), ('model__depth', 16), ('model__iterations', 3), ('model__l2_leaf_reg', 1.0), ('model__learning_rate', 0.255)])",0.6809030360055714,0.6395042408302135,0.680097247598885,0.6340645239566549,0.683993115141445,0.6637124327065539,0.022092171138342644,98
12.281070756912232,0.15606894185216996,0.017508935928344727,0.006985798245992628,1.0,16,7,1.0,0.3775,"OrderedDict([('model__colsample_bylevel', 1.0), ('model__depth', 16), ('model__iterations', 7), ('model__l2_leaf_reg', 1.0), ('model__learning_rate', 0.3775)])",0.7437078589360627,0.7244277783889884,0.7564851439846428,0.7381501980836321,0.7742288721931297,0.7473999703172912,0.016907051376547355,91
0.055471372604370114,0.011330989182425378,0.00448918342590332,0.0005753647048611871,0.55,1,3,15.0,0.3775,"OrderedDict([('model__colsample_bylevel', 0.55), ('model__depth', 1), ('model__iterations', 3), ('model__l2_leaf_reg', 15.0), ('model__learning_rate', 0.3775)])",0.7288103123112513,0.7075117549500344,0.7123510002889255,0.7214249066133097,0.7152346003214167,0.7170665148969875,0.007399970036900266,95
0.04093537330627441,0.0030333558297324452,0.003515148162841797,0.0004893105013511915,1.0,7,3,1.0,0.01,"OrderedDict([('model__colsample_bylevel', 1.0), ('model__depth', 7), ('model__iterations', 3), ('model__l2_leaf_reg', 1.0), ('model__learning_rate', 0.01)])",0.7750252692302951,0.7836117540246501,0.8042992322395635,0.7615367135905011,0.8040581182414821,0.7857062174652982,0.016644078889213442,63
0.09498610496520996,0.010842449611067688,0.004405879974365234,0.000564169306900464,0.325,5,11,13.0,0.255,"OrderedDict([('model__colsample_bylevel', 0.325), ('model__depth', 5), ('model__iterations', 11), ('model__l2_leaf_reg', 13.0), ('model__learning_rate', 0.255)])",0.7898339626672802,0.7956391782999458,0.817468991917283,0.7802603208615532,0.8249836258404288,0.8016372159172981,0.016899496278765924,11
0.11399807929992675,0.027252272346015103,0.004190683364868164,0.0006343931048674351,0.775,9,5,5.0,0.01,"OrderedDict([('model__colsample_bylevel', 0.775), ('model__depth', 9), ('model__iterations', 5), ('model__l2_leaf_reg', 5.0), ('model__learning_rate', 0.01)])",0.7795994107955082,0.7932311229331801,0.8059906289425223,0.767646305814806,0.8204050303885895,0.7933744997749212,0.018662957419384823,45
0.16941237449645996,0.010983029788707218,0.008199834823608398,0.006813988533098113,0.1,7,34,5.0,0.255,"OrderedDict([('model__colsample_bylevel', 0.1), ('model__depth', 7), ('model__iterations', 34), ('model__l2_leaf_reg', 5.0), ('model__learning_rate', 0.255)])",0.7871283060576302,0.7951826554208493,0.8087457033896824,0.7764276879069762,0.8241775133692314,0.798332373228874,0.0166833797320088,28
0.5617370128631591,0.027950830985346762,0.00674734115600586,0.003145082759585509,0.55,13,6,3.0,0.5,"OrderedDict([('model__colsample_bylevel', 0.55), ('model__depth', 13), ('model__iterations', 6), ('model__l2_leaf_reg', 3.0), ('model__learning_rate', 0.5)])",0.7592664116460335,0.7470493096119658,0.7789349650256178,0.7525507187664834,0.7875898779418221,0.7650782565983845,0.015585513397168864,83
0.07258272171020508,0.016498298506420296,0.0048882484436035155,0.0008412388443780917,0.325,5,5,11.0,0.1325,"OrderedDict([('model__colsample_bylevel', 0.325), ('model__depth', 5), ('model__iterations', 5), ('model__l2_leaf_reg', 11.0), ('model__learning_rate', 0.1325)])",0.7831252901852666,0.7811553730377999,0.8023764894830084,0.7661749449139341,0.8154089838355942,0.7896482162911207,0.01727019110249036,55
3.595873975753784,0.04429361652119207,0.015080785751342774,0.00845593827337436,0.55,16,3,3.0,0.01,"OrderedDict([('model__colsample_bylevel', 0.55), ('model__depth', 16), ('model__iterations', 3), ('model__l2_leaf_reg', 3.0), ('model__learning_rate', 0.01)])",0.7622684167491856,0.7424784256952464,0.767301343143777,0.7535563029461149,0.7838060847096711,0.761882114648799,0.013827508926327486,87
0.2507161617279053,0.031047345172774674,0.006402444839477539,0.0031203857674178214,0.55,7,34,1.0,0.255,"OrderedDict([('model__colsample_bylevel', 0.55), ('model__depth', 7), ('model__iterations', 34), ('model__l2_leaf_reg', 1.0), ('model__learning_rate', 0.255)])",0.780111472230554,0.7856943826093572,0.8137530601941868,0.7755974126257366,0.8228886587995299,0.795608997291873,0.019038504871729672,34
9.733782386779785,0.22914511553824762,0.048436880111694336,0.07313202915094344,1.0,16,5,1.0,0.01,"OrderedDict([('model__colsample_bylevel', 1.0), ('model__depth', 16), ('model__iterations', 5), ('model__l2_leaf_reg', 1.0), ('model__learning_rate', 0.01)])",0.7621014960206098,0.7670432637684319,0.7857139184983277,0.7527347674046777,0.7921443105836193,0.7719475512551333,0.01474821926311861,79
0.14641008377075196,0.12301931352181772,0.0058825016021728516,0.0024784743410228437,0.1,16,5,3.0,0.01,"OrderedDict([('model__colsample_bylevel', 0.1), ('model__depth', 16), ('model__iterations', 5), ('model__l2_leaf_reg', 3.0), ('model__learning_rate', 0.01)])",0.7549475303949807,0.6953583756011142,0.7772142644892033,0.6899078625783877,0.7357858414158788,0.7306427748959129,0.033735434875357614,93
0.2938650608062744,0.014568918633053679,0.010517358779907227,0.007625390502653134,0.55,13,3,3.0,0.1325,"OrderedDict([('model__colsample_bylevel', 0.55), ('model__depth', 13), ('model__iterations', 3), ('model__l2_leaf_reg', 3.0), ('model__learning_rate', 0.1325)])",0.7721008180656506,0.7668895471683757,0.7907017394138616,0.7624029760356335,0.8141113895260902,0.7812412940419222,0.019049127898541626,68
98.44707641601562,0.970341483328134,0.01742696762084961,0.0054134074077189145,0.55,16,105,3.0,0.1325,"OrderedDict([('model__colsample_bylevel', 0.55), ('model__depth', 16), ('model__iterations', 105), ('model__l2_leaf_reg', 3.0), ('model__learning_rate', 0.1325)])",0.7772055107466133,0.7813995716499292,0.7991977947065966,0.7692626435759313,0.8173312124898079,0.7888793466337757,0.01728015948022569,58
1.453951120376587,0.028225416108279795,0.008908462524414063,0.0009766322465852512,0.55,7,200,3.0,0.3775,"OrderedDict([('model__colsample_bylevel', 0.55), ('model__depth', 7), ('model__iterations', 200), ('model__l2_leaf_reg', 3.0), ('model__learning_rate', 0.3775)])",0.7550784989666323,0.7394179744573393,0.7815908177209021,0.7462144074096542,0.7784352575498499,0.7601473912208755,0.01699292217868215,88
0.1516712188720703,0.00990750694559129,0.005648088455200195,0.0021686506638269798,0.775,11,5,3.0,0.1325,"OrderedDict([('model__colsample_bylevel', 0.775), ('model__depth', 11), ('model__iterations', 5), ('model__l2_leaf_reg', 3.0), ('model__learning_rate', 0.1325)])",0.7665102576639726,0.7856573672407818,0.8073473450212787,0.771248106818128,0.8104442975254198,0.7882414748539162,0.0180316254361433,59
0.7309390544891358,0.15657936964067493,0.006286716461181641,0.0018808033023131534,0.325,5,200,3.0,0.1325,"OrderedDict([('model__colsample_bylevel', 0.325), ('model__depth', 5), ('model__iterations', 200), ('model__l2_leaf_reg', 3.0), ('model__learning_rate', 0.1325)])",0.7815290144178422,0.771254276046224,0.8126960657804229,0.7733785469205783,0.8173569176068742,0.7912429641543883,0.01977483253617502,50
0.27433762550354,0.01837843430890917,0.006858015060424804,0.002188705143988578,0.55,13,3,5.0,0.01,"OrderedDict([('model__colsample_bylevel', 0.55), ('model__depth', 13), ('model__iterations', 3), ('model__l2_leaf_reg', 5.0), ('model__learning_rate', 0.01)])",0.7795172344368249,0.7828976658725499,0.7894596681572208,0.7637252472575211,0.8052189613281937,0.784163755410462,0.013507732181633288,65
2.7024638652801514,0.8758334718847121,0.008327007293701172,0.0036972004798761227,0.55,16,3,5.0,0.1325,"OrderedDict([('model__colsample_bylevel', 0.55), ('model__depth', 16), ('model__iterations', 3), ('model__l2_leaf_reg', 5.0), ('model__learning_rate', 0.1325)])",0.7587923567768788,0.7439868019646936,0.7724027806767437,0.7560024018861388,0.7885039519046977,0.7639376586418305,0.015248869918489387,85
0.04703645706176758,0.004965863359508027,0.004398965835571289,0.0010660531220857185,0.1,1,7,1.0,0.255,"OrderedDict([('model__colsample_bylevel', 0.1), ('model__depth', 1), ('model__iterations', 7), ('model__l2_leaf_reg', 1.0), ('model__learning_rate', 0.255)])",0.7432748922462498,0.7413844159129069,0.701836579204149,0.7026601711549514,0.7288105008487828,0.7235933118734079,0.018125445354539495,94
0.039713478088378905,0.007119005724930225,0.0032183647155761717,0.00015849377115610203,0.1,5,6,11.0,0.01,"OrderedDict([('model__colsample_bylevel', 0.1), ('model__depth', 5), ('model__iterations', 6), ('model__l2_leaf_reg', 11.0), ('model__learning_rate', 0.01)])",0.7659196150859359,0.7545680563538423,0.7618539147350986,0.751646412748093,0.7993741318096711,0.7666724261465282,0.01712006528446608,82
0.05561847686767578,0.01576964550473024,0.006646537780761718,0.006172882049822742,0.1,13,3,11.0,0.1325,"OrderedDict([('model__colsample_bylevel', 0.1), ('model__depth', 13), ('model__iterations', 3), ('model__l2_leaf_reg', 11.0), ('model__learning_rate', 0.1325)])",0.7094680518861528,0.6586530107375415,0.6789837019275753,0.6373614622715714,0.6787893712425546,0.6726511196130791,0.02397737767650648,97
1.467800235748291,0.0679642906120103,0.00817875862121582,0.003825227497790472,1.0,11,34,15.0,0.255,"OrderedDict([('model__colsample_bylevel', 1.0), ('model__depth', 11), ('model__iterations', 34), ('model__l2_leaf_reg', 15.0), ('model__learning_rate', 0.255)])",0.7900075602249989,0.7884767044806075,0.8057412893069797,0.774958897517811,0.8178761609716123,0.7954121225004018,0.014879304016254325,35
0.05361981391906738,0.003811058840693898,0.003380441665649414,0.0004680137784844814,0.1,5,2,11.0,0.3775,"OrderedDict([('model__colsample_bylevel', 0.1), ('model__depth', 5), ('model__iterations', 2), ('model__l2_leaf_reg', 11.0), ('model__learning_rate', 0.3775)])",0.706627831489159,0.6163958546900015,0.6161979252885914,0.6208752283899651,0.626456323407388,0.637310632653021,0.03485968142848424,99
0.49586262702941897,0.014235438468421433,0.009694290161132813,0.005748561400123289,0.1,1,200,13.0,0.3775,"OrderedDict([('model__colsample_bylevel', 0.1), ('model__depth', 1), ('model__iterations', 200), ('model__l2_leaf_reg', 13.0), ('model__learning_rate', 0.3775)])",0.790852949514954,0.7960679396526107,0.8219879514975288,0.779569881417154,0.8235796123462706,0.8024116668857036,0.01747516420569902,7
0.12588925361633302,0.017569660411702957,0.004624748229980468,0.0003949967629641364,0.325,11,6,13.0,0.255,"OrderedDict([('model__colsample_bylevel', 0.325), ('model__depth', 11), ('model__iterations', 6), ('model__l2_leaf_reg', 13.0), ('model__learning_rate', 0.255)])",0.7850430809560398,0.7873050652447281,0.8075910295310667,0.7757711792171045,0.8121259262838936,0.7935672562465665,0.01392600020720321,44
0.07898421287536621,0.012717777958604242,0.009527587890625,0.00772296553433412,0.1,11,6,5.0,0.255,"OrderedDict([('model__colsample_bylevel', 0.1), ('model__depth', 11), ('model__iterations', 6), ('model__l2_leaf_reg', 5.0), ('model__learning_rate', 0.255)])",0.7747736041318274,0.7697407587533636,0.7868130693040802,0.7437863020515767,0.7943107378499624,0.773884894418162,0.017368026448589927,75
7.649163103103637,0.37455898526484105,0.0067885398864746095,0.002087077694310973,0.1,16,200,3.0,0.5,"OrderedDict([('model__colsample_bylevel', 0.1), ('model__depth', 16), ('model__iterations', 200), ('model__l2_leaf_reg', 3.0), ('model__learning_rate', 0.5)])",0.7618508581266256,0.7627273746130095,0.7882864866143173,0.7529851352449028,0.7926357924219258,0.7716971294041564,0.01575549850761945,80
0.08711099624633789,0.016996405598490694,0.004574632644653321,0.0011245627759473996,1.0,11,2,13.0,0.1325,"OrderedDict([('model__colsample_bylevel', 1.0), ('model__depth', 11), ('model__iterations', 2), ('model__l2_leaf_reg', 13.0), ('model__learning_rate', 0.1325)])",0.7662924903134617,0.7747743347772754,0.7948032478929515,0.7632198846559987,0.8095538722702451,0.7817287659819865,0.01774485855130039,67
0.11326456069946289,0.0165343750077729,0.004086542129516602,0.0004620987642304977,0.1,7,34,7.0,0.3775,"OrderedDict([('model__colsample_bylevel', 0.1), ('model__depth', 7), ('model__iterations', 34), ('model__l2_leaf_reg', 7.0), ('model__learning_rate', 0.3775)])",0.7845972742101824,0.7982415643517323,0.8126050696660083,0.7789102881132342,0.8223025821304196,0.7993313556943155,0.01636563185510181,24
0.051102304458618165,0.010047366270933245,0.00446772575378418,0.0013632105947375605,0.1,3,4,15.0,0.5,"OrderedDict([('model__colsample_bylevel', 0.1), ('model__depth', 3), ('model__iterations', 4), ('model__l2_leaf_reg', 15.0), ('model__learning_rate', 0.5)])",0.7430109006939795,0.7101408743235698,0.7192908677944702,0.7171331802679295,0.7669532958587001,0.7313058237877298,0.02098060613095617,92
0.21253666877746583,0.022915714540815594,0.00640711784362793,0.0022865802411945763,0.775,11,6,5.0,0.3775,"OrderedDict([('model__colsample_bylevel', 0.775), ('model__depth', 11), ('model__iterations', 6), ('model__l2_leaf_reg', 5.0), ('model__learning_rate', 0.3775)])",0.7798654567567456,0.7890041734828068,0.8025733906797358,0.765782170725162,0.8105851615669428,0.7895620706422786,0.015944177691543555,57
3.3298058032989504,0.14269206186324374,0.011844015121459961,0.006466820242323295,0.325,16,6,13.0,0.3775,"OrderedDict([('model__colsample_bylevel', 0.325), ('model__depth', 16), ('model__iterations', 6), ('model__l2_leaf_reg', 13.0), ('model__learning_rate', 0.3775)])",0.7735748564995337,0.7888735914881104,0.7955672039721603,0.7712455363064215,0.8089240969021221,0.7876370570336696,0.014028412240151876,61
0.07582859992980957,0.012549137063906403,0.0037737369537353517,0.00017994790686266555,0.1,11,13,5.0,0.1325,"OrderedDict([('model__colsample_bylevel', 0.1), ('model__depth', 11), ('model__iterations', 13), ('model__l2_leaf_reg', 5.0), ('model__learning_rate', 0.1325)])",0.7833497343649205,0.7924466027603183,0.8004588877498666,0.7652068902052194,0.8125675401950916,0.7908059310550832,0.016002154670378674,52
2.829962062835693,0.03882774573667459,0.007147359848022461,0.001252174934901326,0.775,9,200,5.0,0.3775,"OrderedDict([('model__colsample_bylevel', 0.775), ('model__depth', 9), ('model__iterations', 200), ('model__l2_leaf_reg', 5.0), ('model__learning_rate', 0.3775)])",0.7552048451181079,0.7466596200372415,0.7839094192802772,0.7422033809426375,0.7955980501126398,0.7647150630981808,0.021191513866677666,84
0.04250764846801758,0.009710486788074691,0.003252601623535156,0.00014195591961343283,0.325,3,6,5.0,0.3775,"OrderedDict([('model__colsample_bylevel', 0.325), ('model__depth', 3), ('model__iterations', 6), ('model__l2_leaf_reg', 5.0), ('model__learning_rate', 0.3775)])",0.7811720608598113,0.7906549561008012,0.8023698061525713,0.7660685257292799,0.8153622005225336,0.7911255098729993,0.01697643304674625,51
0.05159182548522949,0.005337371433857118,0.00381321907043457,0.00038769539485987274,0.55,7,5,5.0,0.3775,"OrderedDict([('model__colsample_bylevel', 0.55), ('model__depth', 7), ('model__iterations', 5), ('model__l2_leaf_reg', 5.0), ('model__learning_rate', 0.3775)])",0.7865345818661429,0.7899125923199279,0.8028787674704827,0.7748761270408577,0.8190205527834016,0.7946445242961625,0.015105928650394285,39
0.08717522621154786,0.005477305615398784,0.0040744304656982425,0.0006185671886790963,1.0,1,34,3.0,0.1325,"OrderedDict([('model__colsample_bylevel', 1.0), ('model__depth', 1), ('model__iterations', 34), ('model__l2_leaf_reg', 3.0), ('model__learning_rate', 0.1325)])",0.782644558486969,0.7928758782153245,0.8053896433055137,0.76657697294485,0.8179214019776488,0.7930816909860612,0.017776237535473152,47
0.026987791061401367,0.001391028251304903,0.003500032424926758,0.0006140231808455558,0.325,1,2,5.0,0.255,"OrderedDict([('model__colsample_bylevel', 0.325), ('model__depth', 1), ('model__iterations', 2), ('model__l2_leaf_reg', 5.0), ('model__learning_rate', 0.255)])",0.7263655656404209,0.682777777206553,0.6768553182344903,0.7120219747904777,0.7465331508612756,0.7089107573466435,0.026230815191299314,96
0.09044055938720703,0.0024344624851065327,0.0039008617401123046,0.00019933678797917216,1.0,1,34,13.0,0.1325,"OrderedDict([('model__colsample_bylevel', 1.0), ('model__depth', 1), ('model__iterations', 34), ('model__l2_leaf_reg', 13.0), ('model__learning_rate', 0.1325)])",0.7847143755213062,0.793189994745874,0.8103569001273946,0.7662165872035813,0.817668463625717,0.7944292642447746,0.01836093663355696,41
0.024570512771606445,0.0021192791941013144,0.002955913543701172,0.00017987742472165766,0.1,1,2,11.0,0.5,"OrderedDict([('model__colsample_bylevel', 0.1), ('model__depth', 1), ('model__iterations', 2), ('model__l2_leaf_reg', 11.0), ('model__learning_rate', 0.5)])",0.706627831489159,0.6163958546900015,0.6161979252885914,0.6208752283899651,0.626456323407388,0.637310632653021,0.03485968142848424,99
25.79675946235657,0.3037310379421158,0.01925549507141113,0.006502204029254799,0.325,16,47,13.0,0.3775,"OrderedDict([('model__colsample_bylevel', 0.325), ('model__depth', 16), ('model__iterations', 47), ('model__l2_leaf_reg', 13.0), ('model__learning_rate', 0.3775)])",0.7728142115794707,0.7823588866188415,0.7930419332715726,0.7649678326165033,0.8116390713666588,0.7849643870906093,0.01631602354759432,64
