f1,accuracy,brier_score,roc_auc,model__iterations,model__learning_rate,model__depth,model__l2_leaf_reg,model__colsample_bylevel
0.6005496433779259,0.7052001953125,0.20915098801851056,0.8349126829473053,56,0.01,1,9.0,0.325
0.7795059967423662,0.7930908203125,0.1468398977730342,0.859525281810672,9,0.1325,3,3.0,1.0
0.56480934361902,0.6903076171875,0.231306570149707,0.8309844614914148,21,0.01,1,3.0,0.325
0.7728230607247359,0.7899169921875,0.14552321964443038,0.8499822873100638,9,0.5,1,7.0,1.0
0.7405024359164726,0.7698974609375,0.16033937913487453,0.8460526040090615,21,0.1325,16,9.0,0.1
0.8011754285944988,0.80859375,0.1328457956612126,0.8758012216430762,90,0.1325,13,11.0,0.55
0.7674653440103241,0.7835693359375,0.16126008104727843,0.8451333122688415,6,0.1325,11,3.0,0.1
0.7870324517562306,0.7972412109375,0.2098828856608713,0.8659987148293119,18,0.01,11,11.0,1.0
0.7573579207985306,0.7698974609375,0.2343548635587468,0.8392932758535836,11,0.01,16,3.0,0.775
0.7922471002239915,0.799072265625,0.13414778940461652,0.869239242577673,4,0.5,9,11.0,1.0
0.6526780995817275,0.7227783203125,0.24125020995232827,0.7325312467652325,8,0.01,1,7.0,0.55
0.7572313110467066,0.7750244140625,0.18150764716692203,0.8322370887229301,4,0.1325,3,13.0,0.55
0.8096650225624418,0.81591796875,0.1269075798256276,0.8836637903819919,25,0.255,5,11.0,0.55
0.7848240804784341,0.7969970703125,0.13679094043026796,0.8696140666254704,8,0.255,3,5.0,1.0
0.8150052646259378,0.8203125,0.12374387013954513,0.8892141378242886,77,0.1325,5,15.0,0.775
0.7924806985223549,0.8016357421875,0.1341794714049654,0.8691501048316974,11,0.5,7,11.0,0.1
0.7838564987783339,0.7952880859375,0.2295852192087628,0.8552569377254678,9,0.01,11,13.0,0.55
0.7741435608993534,0.784423828125,0.1666279367283261,0.8493746818311517,4,0.1325,11,7.0,0.775
0.8041127711461804,0.8101806640625,0.12842715920175463,0.8803641971299525,18,0.3775,5,9.0,0.325
0.7955455714423629,0.801025390625,0.13257562147891327,0.8712801523827345,9,0.5,9,13.0,1.0
0.801664772838773,0.8076171875,0.12804591376660734,0.8814870333990537,18,0.255,7,5.0,1.0
0.5742397690245485,0.69384765625,0.22372525216670644,0.827430681219126,29,0.01,1,3.0,0.325
0.7939115514761711,0.8023681640625,0.13738850890825596,0.8685677335838796,56,0.1325,13,3.0,0.775
0.7681125492984509,0.7786865234375,0.1551442515325962,0.8271333349622465,18,0.5,16,9.0,1.0
0.7153146796802232,0.7470703125,0.2467206908885065,0.7763464341803891,2,0.01,9,11.0,0.1
0.7732146406817365,0.78955078125,0.14041353986074592,0.867681646611196,13,0.3775,5,15.0,0.1
0.8137043466017883,0.818115234375,0.12570163680121554,0.8861141212358271,77,0.255,5,3.0,0.55
0.8018246290688432,0.8050537109375,0.14518794541948843,0.8704946542760676,124,0.5,7,5.0,0.55
0.7914890556327074,0.8031005859375,0.13172871386542134,0.8787968903352339,90,0.1325,1,11.0,0.775
0.7585113851727835,0.7691650390625,0.24505305774358138,0.8306139533672802,2,0.01,11,9.0,0.325
0.7714880924838763,0.78173828125,0.18185877876072304,0.8449567770686902,3,0.1325,3,3.0,0.775
0.7886538069931434,0.80029296875,0.14090126908749123,0.8730811455603033,124,0.01,5,5.0,0.775
0.8048187254691915,0.8111572265625,0.12779787321377917,0.8830152184341173,40,0.1325,9,13.0,0.325
0.8077511919783454,0.813720703125,0.12673736620044115,0.8844043193485572,40,0.1325,9,13.0,0.55
0.7574549235168146,0.7694091796875,0.15445620713877478,0.8294976257895096,25,0.5,16,3.0,0.325
0.7842001266532193,0.79296875,0.22347329838526941,0.8599561432544166,9,0.01,11,1.0,1.0
0.7935341606429805,0.8046875,0.13398044663683117,0.8742529188348093,40,0.1325,7,1.0,0.1
0.757593185320543,0.784912109375,0.15043673042155992,0.8733233245671355,200,0.01,7,3.0,0.1
0.7772859209196862,0.7884521484375,0.21392784287319738,0.8568369138444876,15,0.01,7,9.0,0.775
0.7997894106712039,0.806640625,0.1306744347947891,0.8750708211747846,8,0.5,5,15.0,0.325
0.7950814028988675,0.8035888671875,0.1401735712795178,0.8712194510047645,105,0.3775,13,7.0,0.1
0.7890262454704906,0.79736328125,0.14104069939313518,0.8586517597447813,5,0.3775,11,13.0,0.775
0.7714851641731537,0.7855224609375,0.20376080578879113,0.8497093399442145,25,0.01,3,1.0,0.775
0.8130787323350734,0.818359375,0.12420672928138454,0.8881717030363289,77,0.255,3,7.0,0.325
0.7485585821731555,0.76025390625,0.16266076305581606,0.8097522402254249,8,0.5,16,5.0,0.775
0.7213129201158298,0.754150390625,0.17268909825233314,0.8137205231985423,7,0.255,16,7.0,0.1
0.8040404137078122,0.8094482421875,0.12603954063271072,0.8847529346018529,25,0.5,3,1.0,1.0
0.7647083156943836,0.786376953125,0.15868542736014407,0.8626286049535526,124,0.01,3,7.0,0.325
0.762740426296916,0.7744140625,0.15119418258576012,0.8399348170225875,21,0.3775,16,7.0,0.775
0.7505085027322871,0.7611083984375,0.17368834327102903,0.8212979973348475,3,0.1325,13,1.0,0.775
0.7999800431331339,0.8052978515625,0.1305595431683753,0.8759085628412757,11,0.3775,9,13.0,1.0
0.810161786449213,0.814208984375,0.12933747004136503,0.8809476125528499,65,0.3775,5,7.0,0.55
0.5628798899386335,0.6895751953125,0.2436643481739502,0.7046326985375354,8,0.01,1,11.0,0.1
0.7479431786077747,0.7574462890625,0.17113751284821369,0.7865056660072354,3,0.5,16,5.0,0.1
0.7840433067348741,0.7958984375,0.18386812653711812,0.8619639527094499,34,0.01,5,3.0,1.0
0.7534007648828409,0.7640380859375,0.17223804234761286,0.834813660343908,4,0.1325,13,3.0,1.0
0.7703206279758189,0.786865234375,0.14583135727231683,0.8472482540870578,9,0.5,1,3.0,0.775
0.801095853390599,0.8055419921875,0.14073953305058795,0.8704381295984164,65,0.5,11,9.0,0.325
0.8070598021045037,0.811279296875,0.12875065321874707,0.880943853522563,65,0.255,7,9.0,0.775
0.7050621473198979,0.7481689453125,0.17755365201191664,0.8157771304356363,6,0.255,16,11.0,0.1
0.7727280579107718,0.7872314453125,0.15525330786462369,0.8375276802112185,2,0.3775,3,3.0,1.0
0.7959025473862249,0.8017578125,0.13575024423032642,0.8650061916101646,8,0.5,9,5.0,0.55
0.7892750582593282,0.7974853515625,0.16627639623873852,0.8605204154675186,4,0.1325,11,9.0,0.325
0.7907471790640301,0.79541015625,0.15166476193595002,0.8474776941579172,25,0.5,9,1.0,1.0
0.5901827518404767,0.7005615234375,0.2356628232803209,0.8329742415234042,13,0.01,5,9.0,0.1
0.7931414591002575,0.801513671875,0.1344048490409951,0.8694680909493201,5,0.5,5,9.0,0.55
0.8031865208330701,0.8099365234375,0.12956582158310193,0.8792453287261546,47,0.1325,11,7.0,0.55
0.7908239237561108,0.7972412109375,0.14423472336880963,0.8528888878679177,34,0.3775,9,1.0,0.1
0.7911896720398395,0.797119140625,0.1440192578765182,0.8573329666190452,56,0.3775,9,1.0,0.1
0.7980439412078522,0.806640625,0.1320733278863869,0.877976238334215,15,0.1325,9,5.0,0.775
0.7536431775309109,0.7794189453125,0.14924456987450008,0.8504125918604324,40,0.3775,1,3.0,0.1
0.8044668047411672,0.812255859375,0.12636382339470434,0.8857956478365007,200,0.1325,1,11.0,1.0
0.7728441779880859,0.7877197265625,0.13920709938076437,0.8677559222652028,40,0.1325,13,5.0,0.1
0.6982763687417806,0.7474365234375,0.1655832066072762,0.8397686887673981,13,0.255,1,11.0,0.325
0.8096270510176466,0.8160400390625,0.12483867683324931,0.8884813357533135,65,0.1325,3,11.0,1.0
0.8095116957063184,0.8143310546875,0.12696350220911645,0.882183637400597,21,0.5,5,7.0,0.325
0.7899861496167334,0.8006591796875,0.14025165258753128,0.8747986047314914,105,0.1325,13,1.0,0.325
0.7998515850654883,0.806884765625,0.13825103878990747,0.8695766155459431,77,0.255,13,7.0,0.55
0.7688845267782398,0.7784423828125,0.22911763697440096,0.8478616025289085,7,0.01,13,1.0,0.775
0.7693918732532852,0.78125,0.17436343899307422,0.8460000471967136,9,0.1325,16,11.0,0.55
0.8075346631090025,0.8125,0.12559385857479097,0.8868988536141023,124,0.1325,7,1.0,0.325
0.8042640100416208,0.810546875,0.131887954034634,0.8739095244569124,18,0.255,9,3.0,0.55
0.7982768172964486,0.80615234375,0.14002593635897823,0.8741876230864885,145,0.5,13,11.0,0.1
0.6883031769650264,0.74365234375,0.17656992047782333,0.8256349089169559,5,0.255,5,9.0,0.1
0.7630121822904303,0.773681640625,0.1483618381875676,0.8417142653876776,5,0.5,13,11.0,0.55
0.8074403049429983,0.8128662109375,0.12718479721477163,0.8819291371278238,21,0.5,3,13.0,1.0
0.5795671576588723,0.6951904296875,0.20425734626181877,0.6678778053416795,8,0.255,1,13.0,0.1
0.799738235861692,0.8033447265625,0.1341269160138736,0.8727275878782967,34,0.5,7,11.0,0.775
0.7773137878172822,0.786865234375,0.14922809097769116,0.8480660520095253,4,0.255,11,3.0,0.55
0.7914911247013345,0.7987060546875,0.1375926115745283,0.8658988916916869,34,0.255,13,11.0,0.775
0.8114032557713197,0.8145751953125,0.12995779162804758,0.8818751184703643,200,0.255,5,7.0,0.775
0.8073934293369254,0.8116455078125,0.1299369452965357,0.8795099923030374,65,0.3775,5,9.0,0.775
0.787680708704886,0.799560546875,0.1796917915073073,0.8675302412246306,40,0.01,9,9.0,0.325
0.7948099878225642,0.7996826171875,0.13654944138399394,0.8654821266115189,21,0.5,11,15.0,0.775
0.7469949675100533,0.7730712890625,0.1523181221828714,0.8498774869378918,25,0.1325,16,5.0,0.1
0.7800796801804929,0.7861328125,0.14649592562599256,0.8503759065092967,13,0.5,11,3.0,0.325
0.8082032968965729,0.8131103515625,0.1278869767043263,0.882540049161155,65,0.255,7,7.0,0.325
0.7804790514602208,0.79150390625,0.24449176211626286,0.8323579345854941,2,0.01,7,15.0,1.0
0.7863876557737342,0.79833984375,0.19124980070719083,0.8671807210195994,90,0.01,16,13.0,1.0
0.7632161266103514,0.773681640625,0.15515729963936437,0.8419481954113797,8,0.3775,16,13.0,0.325
0.7046820320098814,0.7520751953125,0.24073489903014297,0.8278834007278736,6,0.01,3,13.0,0.325
0.7208502223510114,0.7337646484375,0.17198100945909692,0.7848961049276223,7,0.5,16,1.0,1.0
0.7553948648620697,0.768310546875,0.2382167604916645,0.8395535538951316,9,0.01,16,5.0,0.775
0.8010979698138798,0.8050537109375,0.13627963854486297,0.8757813127048889,65,0.5,11,15.0,1.0
0.8032257052856159,0.8092041015625,0.13617493097253136,0.8749933781897025,124,0.5,13,15.0,0.325
0.7743083051935147,0.7860107421875,0.14455704674488914,0.8556961873756866,77,0.3775,16,9.0,0.325
0.7854075288784905,0.7960205078125,0.1412151488736824,0.8618055165440144,124,0.255,16,7.0,0.55
0.7845143559932499,0.79541015625,0.1951078776734296,0.8648274984481819,25,0.01,9,7.0,0.55
0.785926863178994,0.7991943359375,0.1345264546498136,0.8732636673642452,15,0.255,3,5.0,0.325
0.7641116016003576,0.7860107421875,0.14699081541696726,0.8594061762399074,9,0.3775,5,7.0,0.1
0.7980551525686775,0.802978515625,0.13413224749660208,0.8694513145363719,21,0.3775,11,15.0,0.775
0.7570726788850632,0.7686767578125,0.1958518133347689,0.833647038333129,3,0.1325,13,13.0,1.0
0.7481576537293,0.77783203125,0.1563770585698719,0.871099231647248,200,0.01,13,15.0,0.1
0.8039598813008212,0.809814453125,0.13389439685952872,0.8768073887499324,145,0.255,13,13.0,1.0
0.7999399279830659,0.802978515625,0.13763829478415782,0.8702519879875315,77,0.5,7,15.0,0.325
0.745958292535789,0.7581787109375,0.1651205568137703,0.8015003334051031,11,0.3775,16,1.0,0.775
0.8029193736040583,0.809814453125,0.12896423987799477,0.8794275720834085,15,0.3775,5,15.0,0.325
0.8004191011097394,0.8076171875,0.12751508206302023,0.8827995614743112,47,0.5,1,13.0,1.0
0.7730914296271882,0.792236328125,0.1497422572806973,0.8678709207473201,170,0.01,3,13.0,0.325
0.7618077996569879,0.7847900390625,0.1526340338889795,0.8559036997698707,25,0.1325,1,9.0,0.775
0.7692597377212007,0.781005859375,0.17004599951419974,0.8408744701768631,15,0.1325,16,11.0,0.55
0.8028688505710359,0.8067626953125,0.1364436868272056,0.8752931956609374,90,0.3775,9,13.0,0.55
0.7793215607840777,0.7943115234375,0.15764832118431454,0.8654895054487493,124,0.01,16,1.0,1.0
0.7432912790468129,0.768310546875,0.1739089786149257,0.8286349631444483,3,0.255,7,3.0,0.1
0.7251936767895995,0.7667236328125,0.17486706814858977,0.8640852291898169,90,0.01,7,7.0,0.1
0.8064830352004011,0.8126220703125,0.12523034743822,0.886882494871186,47,0.1325,7,5.0,0.775
0.7847784111273217,0.796142578125,0.15880726510523432,0.8684635945225918,65,0.01,7,15.0,0.55
0.8149330711091262,0.8194580078125,0.12575824747345207,0.8858533559125753,90,0.255,5,3.0,0.325
0.7367400739654896,0.7535400390625,0.23271036662134847,0.7157912755273832,13,0.01,1,9.0,1.0
0.7837843852779489,0.7938232421875,0.14005308268683195,0.8666087219109072,65,0.3775,13,7.0,0.1
0.8102339993227308,0.8154296875,0.12258282395340062,0.8917130576251685,170,0.1325,3,9.0,1.0
0.7335522627538357,0.7635498046875,0.18226711205304044,0.8313577540824288,105,0.01,1,11.0,1.0
0.7515479723653494,0.7777099609375,0.14721128428326397,0.8607621071926469,21,0.255,3,11.0,0.1
0.8053319745309844,0.8118896484375,0.1268577083837974,0.8836904168465258,21,0.3775,3,13.0,0.55
0.8111494474665186,0.815673828125,0.12788668782288315,0.8823956745534601,56,0.3775,5,13.0,0.325
0.7995457267895724,0.8038330078125,0.1375974501613461,0.8739005445512265,77,0.5,9,15.0,0.775
0.7946953354109096,0.799072265625,0.13389785190373127,0.8716119912230819,21,0.5,9,11.0,0.325
0.7928391183840902,0.8046875,0.14347860512796567,0.8754526760014526,124,0.01,9,15.0,0.325
0.79512885226918,0.8038330078125,0.13545277228595137,0.8741207262697117,90,0.3775,13,11.0,0.1
0.8069060288623318,0.81298828125,0.12651870480037924,0.8844013260466619,29,0.255,5,15.0,0.325
0.8076477052478159,0.8123779296875,0.13310440062592638,0.8826828227003941,145,0.255,11,9.0,1.0
0.8073275832128094,0.81494140625,0.1255230051283474,0.8873327431655783,200,0.255,1,7.0,0.1
0.7505357972642901,0.764892578125,0.15905993087126613,0.8293967584768047,9,0.3775,16,7.0,0.775
0.7703925318666328,0.783935546875,0.15355960910543504,0.8447450183625149,56,0.3775,16,1.0,0.1
0.7798243648512198,0.791259765625,0.14684450547220534,0.8608201633270816,13,0.1325,13,7.0,0.55
0.8038955851837757,0.80859375,0.13955601893182915,0.870210290596013,65,0.5,11,15.0,1.0
0.7914237550944604,0.7996826171875,0.13761480433481396,0.8658942973213358,34,0.255,13,11.0,0.55
0.8105492517560935,0.8145751953125,0.1398920919940936,0.8803997686943363,200,0.3775,9,9.0,0.55
0.6506450256302959,0.7276611328125,0.23800168057307208,0.8418703347562655,9,0.01,7,11.0,0.1
0.8011489807005889,0.8048095703125,0.13410224152251993,0.8754583145468833,77,0.5,5,7.0,0.325
0.798203031603828,0.803466796875,0.13779157170459894,0.8683696187654133,77,0.3775,9,9.0,0.1
0.8090102947242818,0.81396484375,0.12598679754417774,0.8867928350376707,124,0.1325,9,7.0,0.55
0.6765535556610871,0.7381591796875,0.17649521384124195,0.8079850783204401,7,0.255,1,5.0,0.55
0.7799501756646514,0.7900390625,0.24094283527667973,0.8514869435999968,3,0.01,9,5.0,0.775
0.7793778485008029,0.7908935546875,0.23609584207523293,0.8600794255255002,5,0.01,9,15.0,0.775
0.8065508172356639,0.8125,0.1267303653810248,0.8837373003076071,25,0.255,5,1.0,0.55
0.7725893669151347,0.78662109375,0.19823305161014265,0.8516929941490694,29,0.01,3,13.0,0.775
0.6479336783408896,0.7198486328125,0.1764400210767573,0.764884245883183,4,0.5,1,5.0,0.325
0.800096962509949,0.8045654296875,0.14872028026614148,0.8709526990777219,105,0.5,9,3.0,0.325
0.764591447426505,0.7720947265625,0.1521873872243736,0.8300388913450207,5,0.5,13,7.0,1.0
0.7697301503432632,0.7796630859375,0.1510374106368384,0.8424759563025259,18,0.3775,16,9.0,1.0
0.7642835512767974,0.7857666015625,0.1529440123815828,0.8494536562730175,21,0.255,1,3.0,0.325
0.8069434528104261,0.8128662109375,0.1285293084084247,0.8805846572951257,56,0.1325,9,3.0,0.325
0.6296559685983079,0.7176513671875,0.18462849949712334,0.8218842320304603,9,0.1325,3,5.0,0.1
0.7641243748781921,0.7806396484375,0.14613865218429034,0.8481320438745663,21,0.3775,16,9.0,0.1
0.778397439488214,0.794189453125,0.14317018749532812,0.8640106750891221,9,0.255,9,15.0,0.1
0.8065285481677846,0.8123779296875,0.12487532506111382,0.8865750897277049,65,0.1325,9,7.0,0.775
0.7989673653560427,0.805908203125,0.13320418613418838,0.8711507442845162,5,0.5,7,5.0,0.55
0.8060597658019322,0.812255859375,0.12347585800205263,0.8897872507197325,124,0.1325,3,1.0,0.325
0.8072568463261257,0.8116455078125,0.1303344370073872,0.8789086866804401,105,0.255,9,15.0,0.1
0.7947529062950563,0.8016357421875,0.13551200213157366,0.8689894410927583,25,0.255,13,9.0,1.0
0.7606810732318976,0.773193359375,0.15146208825224688,0.8365669695261679,40,0.3775,16,3.0,1.0
0.7606942801944507,0.7772216796875,0.15728779312965113,0.8305851341350788,3,0.3775,11,9.0,0.1
0.7361817869779413,0.76025390625,0.20034033706009574,0.7502891842883394,4,0.1325,1,9.0,1.0
0.7327150021071018,0.7481689453125,0.21713311766798515,0.7957797158131337,3,0.1325,16,15.0,0.55
0.7525332347766143,0.770263671875,0.15600447692437494,0.8243724664396909,7,0.5,13,15.0,0.1
0.7903722234155441,0.7987060546875,0.13815229084015296,0.8647036592837224,29,0.255,13,11.0,0.55
0.7826023394105374,0.7945556640625,0.16038557397893105,0.8652725954788473,65,0.01,5,11.0,0.775
0.8092593221002713,0.81298828125,0.14032568046694716,0.8798193465733342,200,0.3775,9,13.0,1.0
0.7604485045199635,0.7796630859375,0.16156784665325047,0.8187825099560353,3,0.3775,3,11.0,0.55
0.7856513544643907,0.7955322265625,0.21119752327472993,0.8544999804043142,15,0.01,13,1.0,1.0
0.7908231661561524,0.802490234375,0.13426564613389375,0.873321340634484,25,0.3775,1,7.0,1.0
0.7913893663875977,0.8016357421875,0.13663888344338895,0.8755870265283816,145,0.5,16,15.0,0.1
0.7951281752622645,0.804931640625,0.13312473872278008,0.8752810484241762,8,0.255,5,9.0,0.775
0.8061626601499604,0.8094482421875,0.13220974708700114,0.8770489412517167,200,0.3775,3,1.0,1.0
0.8140554543382356,0.8192138671875,0.12318329191461225,0.890314071853307,105,0.1325,5,9.0,1.0
0.7221454675326611,0.738037109375,0.17058528554935,0.7817724203706864,2,0.5,13,3.0,0.325
0.7809574606936057,0.7958984375,0.17059732873938682,0.8637322284011864,124,0.01,16,3.0,0.325
0.8072840572015922,0.812255859375,0.1280573544534095,0.8809254760411591,29,0.255,9,13.0,0.775
0.7711232365342977,0.783447265625,0.15357127707676438,0.8508924947270898,29,0.1325,16,5.0,0.775
0.7973145829957383,0.8046875,0.13191282310266034,0.8728876599180239,8,0.5,5,3.0,0.55
0.79576645726304,0.8023681640625,0.13801228828302226,0.8713160720054781,90,0.3775,11,9.0,0.1
0.7617206335190438,0.7747802734375,0.15652332597109953,0.8368168058169183,13,0.255,16,5.0,0.775
0.7982583961405907,0.802978515625,0.13662864500946034,0.8699010755490603,40,0.3775,11,11.0,1.0
0.7998615642421425,0.8052978515625,0.13955715355635445,0.8676753119490453,90,0.5,13,15.0,0.55
0.7774162308602566,0.788330078125,0.15606092611047706,0.8543460341917218,8,0.1325,13,7.0,0.775
0.708856343194934,0.7294921875,0.19071723272903585,0.8139109807330902,3,0.255,16,13.0,0.775
0.7666815425055538,0.781982421875,0.14652632123834552,0.8516112352403241,65,0.1325,16,1.0,0.325
0.7911472290335758,0.79638671875,0.14918250747574346,0.8594403903766875,34,0.5,11,3.0,0.775
0.7027736084275975,0.7191162109375,0.1790081853514709,0.7636738729365621,5,0.5,16,1.0,0.325
0.7900806870824062,0.8023681640625,0.13547626248777828,0.8738523384683774,21,0.1325,3,15.0,0.55
0.7716887438132429,0.780029296875,0.15053721017266689,0.8420298150967808,15,0.5,13,3.0,0.55
0.7932641689659444,0.799560546875,0.14076659486024423,0.8672485923997838,65,0.5,13,11.0,0.775
0.7686693657648599,0.78466796875,0.19021910422553662,0.8511748744744927,40,0.01,3,7.0,0.55
0.7026537245776381,0.7457275390625,0.235408396669819,0.8300153277940541,9,0.01,13,3.0,0.1
0.7832142612470947,0.7960205078125,0.1363336786539251,0.8685244351239058,25,0.1325,9,1.0,0.1
0.7888218508969835,0.7991943359375,0.21343731312150205,0.8609444201615729,15,0.01,9,11.0,0.55
0.8051852446631422,0.8123779296875,0.1286159921574262,0.8827227101884408,21,0.1325,7,13.0,1.0
0.799972718707032,0.809814453125,0.12909399015011258,0.8831436519689277,65,0.1325,5,5.0,0.1
0.8083617688495787,0.8125,0.12883271111147881,0.8807243679207977,47,0.3775,7,15.0,1.0
0.726070920925576,0.7408447265625,0.19715743607685546,0.8280705517080024,6,0.1325,16,9.0,0.775
0.7720574202061121,0.783935546875,0.2367516387815265,0.8470132450824399,11,0.01,16,9.0,1.0
0.7654254500443535,0.7777099609375,0.24089034324374675,0.8390587193248336,7,0.01,16,11.0,1.0
0.7979323268325925,0.8038330078125,0.13035293988754143,0.8768237474928486,13,0.3775,9,15.0,0.55
0.7348514647266825,0.749267578125,0.16099215700946642,0.8124660164518834,8,0.3775,16,3.0,0.325
0.7877399597439174,0.7926025390625,0.14339017508412089,0.8535524263252687,18,0.5,11,9.0,0.55
0.7815782502320221,0.7908935546875,0.14911082355564367,0.845724524199001,2,0.3775,9,1.0,1.0
0.7777860711475927,0.7930908203125,0.2026085698784845,0.862336166319548,65,0.01,16,9.0,0.325
0.8089784570032077,0.8133544921875,0.12579003310693243,0.8857565260768456,47,0.255,7,7.0,1.0
0.7747915388723616,0.7918701171875,0.15021353655576955,0.8601756636620181,11,0.1325,3,1.0,0.55
0.8073026010564492,0.813720703125,0.1250696974973125,0.8870833941565318,105,0.3775,1,11.0,0.325
0.7889737327110313,0.7979736328125,0.14691272158475752,0.861929181679294,4,0.255,11,13.0,0.325
0.7923780035800105,0.8018798828125,0.1463095109834222,0.8685271499791131,8,0.1325,11,9.0,0.325
0.7849705776610622,0.7955322265625,0.13695173393906204,0.8660888619445312,11,0.3775,9,11.0,0.1
0.7812014336401303,0.7923583984375,0.19657208750374627,0.8602184748402883,25,0.01,5,7.0,0.775
0.8009605057061358,0.80615234375,0.14678908986788097,0.8741215616097755,105,0.5,11,3.0,0.775
0.7480592376816786,0.76416015625,0.17872907890627382,0.8188038111276624,2,0.255,3,15.0,0.55
0.7957150732001576,0.8055419921875,0.1340812777638145,0.8735771983348609,65,0.255,13,11.0,0.1
0.7730783444640993,0.7874755859375,0.14720765429830585,0.8503685972837387,65,0.1325,16,1.0,1.0
0.8049461353807732,0.8099365234375,0.1281998498318402,0.8812161047716921,40,0.255,7,3.0,0.775
0.7991051039595689,0.806884765625,0.142868153957328,0.8724313902140051,200,0.255,13,3.0,0.325
0.7247909962670224,0.759521484375,0.24490480728255032,0.8190371494521528,3,0.01,9,15.0,0.1
0.7846865084137252,0.7950439453125,0.15576207424194466,0.8658041154002807,5,0.1325,5,13.0,0.775
0.7944384297287357,0.8001708984375,0.14712836373673918,0.8670064133929516,145,0.5,13,5.0,0.775
0.7787254869963216,0.7923583984375,0.20782846772391733,0.8628670945417696,56,0.01,16,13.0,0.55
0.7854075288784905,0.7960205078125,0.15163412052982106,0.8553930633500324,3,0.255,7,15.0,0.775
0.7891764548713543,0.7999267578125,0.13665859372112676,0.8684283014048958,9,0.255,3,11.0,1.0
0.7980233774577827,0.8077392578125,0.12992849928034678,0.8804760978926668,56,0.255,1,13.0,0.55
0.7518504891402726,0.766845703125,0.2380546439027125,0.8346347583469094,8,0.01,16,3.0,0.325
0.8013061575600584,0.80810546875,0.12658994741553062,0.8844380113977975,56,0.5,1,1.0,0.55
0.7931100050631512,0.8035888671875,0.1386394878221106,0.8726171489606942,9,0.1325,7,3.0,1.0
0.8008394565107231,0.806640625,0.12989539751706952,0.8757708709540913,8,0.5,7,7.0,0.55
0.7907339949656257,0.8035888671875,0.13345331890969522,0.8778424795064979,90,0.1325,1,9.0,0.325
0.7796494412501469,0.7899169921875,0.14358070564784223,0.8503795263162401,6,0.5,9,5.0,0.1
0.7820985164493672,0.794677734375,0.1611726558983818,0.8663649418356194,65,0.01,5,1.0,0.55
0.7986621748644271,0.8067626953125,0.13581766519640157,0.8789581109675487,105,0.1325,11,1.0,0.325
0.7815675866767969,0.792724609375,0.22219715567754156,0.8525279861545169,11,0.01,5,13.0,1.0
0.7677623564471,0.778564453125,0.24297029813196305,0.8397769725563639,5,0.01,16,15.0,0.55
0.8069526713839186,0.8116455078125,0.12774714974933607,0.8820406550263422,34,0.5,3,15.0,1.0
0.7732511103540164,0.7886962890625,0.1456167848158206,0.850730926036415,9,0.5,1,9.0,0.775
0.7338712033144119,0.7615966796875,0.2005828051505964,0.808975304354412,56,0.01,1,15.0,0.775
0.6602898405997425,0.7293701171875,0.23343618107768968,0.8414300409309671,21,0.01,16,15.0,0.1
0.7721906689895242,0.7899169921875,0.1514915318894886,0.8538924445370744,4,0.255,5,3.0,0.325
0.7954050008692152,0.8009033203125,0.13847748134933918,0.8607959384652311,11,0.5,11,13.0,1.0
0.7712302049331712,0.7889404296875,0.1414580673658915,0.8617867213925786,34,0.255,16,13.0,0.1
0.7912402633542738,0.8016357421875,0.14231414776410206,0.8746122542855904,105,0.01,7,13.0,0.775
0.7921640280498073,0.800048828125,0.1373230674394722,0.864254037494378,9,0.3775,11,15.0,0.775
0.7853037529408244,0.7957763671875,0.20627564502429566,0.8630513566375111,21,0.01,11,13.0,0.55
0.804744548691455,0.810546875,0.13365906890108495,0.8776535882345694,65,0.255,11,5.0,0.775
0.7665619326821623,0.779541015625,0.24093196977936931,0.8342533559961094,4,0.01,3,3.0,0.775
0.791207395405523,0.8006591796875,0.1394627755694924,0.86476603134182,5,0.255,5,1.0,1.0
0.7944027278615895,0.799560546875,0.14977530894290958,0.86134677562564,40,0.5,11,3.0,0.775
0.8095313971030254,0.815673828125,0.12446690556870695,0.8883403025058738,145,0.3775,1,9.0,1.0
0.7853858061373362,0.8006591796875,0.13777626952329702,0.8714490302989675,13,0.255,3,7.0,0.325
0.8050865023216323,0.80908203125,0.1356304093078003,0.8722050826683851,65,0.3775,7,3.0,0.55
0.8070249670986944,0.81298828125,0.12497137153258042,0.8868641173897822,40,0.255,3,9.0,1.0
0.6055256579788121,0.70703125,0.1868038521863203,0.7474040241254564,9,0.3775,1,9.0,0.1
0.7932340546854257,0.802001953125,0.13500210374325355,0.8707463700819615,7,0.255,9,11.0,0.55
0.5645109413520105,0.689697265625,0.2290693656697212,0.6464020476412538,2,0.1325,5,13.0,0.1
0.7662237730416193,0.7808837890625,0.23602823385943178,0.8441103339432012,6,0.01,3,7.0,0.775
0.7927185219645421,0.798095703125,0.14106133177944352,0.8580091047890255,21,0.3775,11,5.0,0.55
0.7901729632716442,0.8031005859375,0.13656716265911578,0.8726295050324714,13,0.255,3,1.0,0.325
0.7375956718563077,0.7662353515625,0.15698794409391287,0.833083044566715,7,0.5,1,3.0,0.55
0.7794212505718694,0.7904052734375,0.14797001790765768,0.8529750671178339,25,0.3775,16,15.0,0.775
0.780899731094086,0.7950439453125,0.1432507548778572,0.8667767644870765,11,0.1325,3,11.0,0.775
0.7322240735414712,0.7587890625,0.18038992686961364,0.8107610873816523,5,0.255,16,9.0,0.1
0.7200526662639235,0.7572021484375,0.16291160391637025,0.8297104286707645,9,0.3775,1,1.0,0.325
0.7883470371749569,0.8001708984375,0.136263977247772,0.8740599204742336,13,0.1325,5,9.0,0.55
0.7299883844611654,0.7581787109375,0.23164292827176483,0.7876967565207167,15,0.01,1,15.0,0.775
0.78781026030319,0.79736328125,0.15729607951333172,0.857373167359616,7,0.1325,13,7.0,1.0
0.7954340777128108,0.8070068359375,0.1319960743682499,0.8791721668588992,40,0.255,3,13.0,0.1
0.7730259389718717,0.786865234375,0.22183577009476127,0.848770313294987,21,0.01,16,3.0,0.55
0.8036184009177131,0.8095703125,0.1374468970760407,0.8759858317971777,170,0.3775,13,13.0,0.55
0.6354405959132232,0.7181396484375,0.18371746366754202,0.7599344731409281,5,0.3775,1,11.0,0.325
0.7947554641441642,0.8056640625,0.13628045454951146,0.873945652914672,105,0.5,16,11.0,0.1
0.7868194768631579,0.7967529296875,0.20123044886290242,0.8630507301324634,21,0.01,7,13.0,1.0
0.8065352608170562,0.812255859375,0.12795749840800386,0.8811890258312904,18,0.5,3,13.0,0.55
0.8096522476788593,0.8134765625,0.12772945634819374,0.8827016874635016,77,0.255,7,11.0,0.325
0.7777488489281938,0.791259765625,0.1432761323069963,0.853352118739135,4,0.5,3,7.0,0.55
0.8092597161176603,0.8138427734375,0.12686089410989418,0.8854649227829048,145,0.1325,7,3.0,0.325
0.7104143140549883,0.7572021484375,0.16476722976008656,0.8540881925586932,11,0.1325,5,5.0,0.1
0.7671500628010636,0.777099609375,0.15860608720264907,0.8346835909348062,7,0.3775,16,15.0,1.0
0.7992773290560437,0.80419921875,0.13967172740126024,0.8706775241383693,56,0.5,11,11.0,0.325
0.779849979264839,0.79248046875,0.2250723067399017,0.8575721523239822,25,0.01,16,15.0,0.55
0.8069284776313612,0.8140869140625,0.12659411551611063,0.8851754078391235,105,0.255,1,11.0,1.0
0.7262801518363229,0.7581787109375,0.18110525726752322,0.8219175412155049,4,0.255,16,15.0,0.1
0.7582138397453366,0.778564453125,0.16807177777059013,0.8299477696663937,3,0.255,9,3.0,0.1
0.7940213805474102,0.7994384765625,0.13818594010102658,0.8663298575529395,47,0.5,13,15.0,1.0
0.7747310588057356,0.7889404296875,0.2139418311899846,0.8570288332241475,40,0.01,16,7.0,0.55
0.8091712497738588,0.8134765625,0.12873345806275546,0.8792156741538891,47,0.3775,5,1.0,0.775
0.6510882639648047,0.722412109375,0.18759841300025498,0.7848036606272275,5,0.255,3,5.0,0.1
0.7401338223944242,0.7532958984375,0.15916167253075814,0.8208456606902957,9,0.3775,16,5.0,0.55
0.8016046028840382,0.8082275390625,0.1352835943698934,0.8751058706516287,145,0.255,13,13.0,0.55
0.8005716232775356,0.809814453125,0.1308839322076894,0.8784355361459651,65,0.5,1,11.0,0.1
0.7817830535670831,0.79345703125,0.2219480197858391,0.8594151909514294,15,0.01,13,9.0,0.55
0.8020930767367727,0.806640625,0.1337145975294307,0.8732491881364726,77,0.5,5,11.0,0.1
0.8070532452715614,0.8123779296875,0.1281081886881213,0.8866133761472961,170,0.1325,11,9.0,0.775
0.7946129203097884,0.80322265625,0.13309589665417723,0.8710137137082159,6,0.5,3,9.0,1.0
0.8042488696487798,0.811767578125,0.1283350792068209,0.8817068670591791,18,0.255,5,3.0,0.775
0.7861544203606472,0.7996826171875,0.1359284347256911,0.8728632262211575,34,0.255,1,11.0,0.55
0.7890287645170476,0.7998046875,0.15134252782793214,0.8701416534874369,7,0.1325,11,15.0,0.325
0.7836603022321982,0.7967529296875,0.14407911586287642,0.8668196104711826,9,0.1325,5,3.0,0.55
0.7341360282010228,0.76318359375,0.18249918049359148,0.8300946502942799,105,0.01,1,11.0,1.0
0.7646678343634905,0.775146484375,0.15273142243614574,0.8283781308806635,6,0.5,13,5.0,0.325
0.7712454326367811,0.7899169921875,0.14304880921159857,0.8616495515929343,7,0.5,5,15.0,0.1
0.8074781717661366,0.8125,0.12724348679614578,0.8831478982809188,21,0.255,7,15.0,1.0
0.8009587498455013,0.807861328125,0.12813012874587304,0.8810934490056564,13,0.3775,7,7.0,0.55
0.8055308576512809,0.8095703125,0.13705703565467592,0.8748327840624354,105,0.3775,7,11.0,1.0
0.8068580890506919,0.810791015625,0.13084335561330956,0.8764141524148952,25,0.3775,9,13.0,1.0
0.809955351803093,0.8145751953125,0.12687754476937013,0.8834039300104759,34,0.3775,5,7.0,1.0
0.6777359820801911,0.7332763671875,0.18679909998339636,0.7714862168541413,6,0.255,1,15.0,0.55
0.5897238014534529,0.7008056640625,0.2169837430524971,0.846592860195329,40,0.01,3,9.0,0.1
0.8120517865261205,0.816162109375,0.12302205263306645,0.8908914310607421,90,0.1325,9,15.0,1.0
0.7905255199903511,0.801513671875,0.1378736917478029,0.8651542208306385,6,0.3775,3,7.0,0.775
0.791474964169985,0.8026123046875,0.13748972169980103,0.8758521773869686,145,0.01,13,1.0,0.775
0.7975146390242689,0.805419921875,0.13159897718811941,0.8757441400720494,34,0.255,7,13.0,0.1
0.7767242706452422,0.795654296875,0.13601382092769465,0.8791869941450319,145,0.1325,1,11.0,0.1
0.8072854838329824,0.8121337890625,0.1281797035738769,0.8812437406054697,124,0.255,5,5.0,0.1
0.799283850870095,0.805908203125,0.12776439794807906,0.881710904536154,13,0.3775,5,15.0,0.775
0.7691607203510452,0.7857666015625,0.18453595937287687,0.8538770255517298,47,0.01,3,1.0,0.55
0.7760746830508182,0.786865234375,0.1514020455401755,0.8519604073869957,8,0.1325,13,3.0,0.55
0.7686704033312853,0.787109375,0.1419973026180826,0.8654090343559357,9,0.255,3,1.0,0.325
0.7556877218644037,0.7708740234375,0.15264602668588514,0.8323520523992115,21,0.5,16,3.0,0.1
0.8079279916778799,0.814208984375,0.12451251230633684,0.8883550601803345,124,0.3775,1,7.0,0.325
0.745959860935725,0.7744140625,0.15300679464279732,0.8431415483042006,13,0.3775,1,11.0,0.325
0.8051543929394253,0.8082275390625,0.13840942547197832,0.8717336724257099,170,0.3775,5,3.0,1.0
0.7348736618380983,0.76611328125,0.17361386074348317,0.8418050738137806,145,0.01,1,13.0,0.775
0.7572128390233978,0.773681640625,0.15698730786305498,0.8311252510980024,3,0.3775,11,9.0,0.1
0.7564921408834409,0.7843017578125,0.155503706797242,0.8735270779310326,145,0.01,11,7.0,0.1
0.7963813525958243,0.802978515625,0.1469383437235492,0.8668409464486457,90,0.5,11,5.0,0.1
0.8021446529086307,0.806884765625,0.1449795042259972,0.8771419424454872,145,0.5,11,5.0,0.775
0.8048667106709615,0.8089599609375,0.13231629890595475,0.8777906536167058,200,0.3775,5,5.0,0.1
0.8143308974989134,0.8192138671875,0.12467952714008981,0.8883948084450375,200,0.3775,1,9.0,0.325
0.6121539177826272,0.7091064453125,0.2170549582538295,0.7534604832289123,3,0.1325,1,11.0,0.55
0.7763625051373491,0.7900390625,0.14056962510296106,0.859173847284661,34,0.3775,16,9.0,0.1
0.8057371140816141,0.8121337890625,0.12588622499153337,0.8858844027182801,90,0.1325,9,11.0,0.1
0.8007501375955057,0.8056640625,0.13277255777113084,0.8758642202062218,56,0.255,9,3.0,0.55
0.7685431192958612,0.779541015625,0.14807665271660977,0.8488262114675901,21,0.3775,16,13.0,0.55
0.7591119666083299,0.7698974609375,0.16062552783774822,0.8249966394965349,7,0.3775,16,11.0,1.0
0.7755281772945173,0.787109375,0.22403313592852547,0.855885461511811,11,0.01,13,3.0,0.775
0.7997007718833063,0.8084716796875,0.12944252906059642,0.8813417538396231,47,0.1325,9,11.0,0.1
0.7883208794219767,0.797607421875,0.14188796799672307,0.868757181749184,4,0.255,9,9.0,0.775
0.8114502253960926,0.8157958984375,0.12615716346784137,0.8854803765740851,47,0.3775,5,15.0,0.55
0.7888937607291354,0.79931640625,0.19952162032605586,0.8660959623350734,25,0.01,11,13.0,0.55
0.7699378215108729,0.786376953125,0.17750531634027022,0.8554049321401058,56,0.01,3,13.0,0.55
0.7698444233023445,0.7894287109375,0.14618268971581,0.8620780810456675,34,0.1325,1,5.0,1.0
0.7872430493408501,0.80029296875,0.14485233815880313,0.8495987618032681,65,0.3775,1,5.0,0.1
0.7920119361059098,0.7998046875,0.1380498223833949,0.8659256921854006,9,0.255,11,13.0,1.0
0.7876949723473844,0.7977294921875,0.14000181455253408,0.8591883613182696,3,0.5,5,15.0,0.55
0.8077479106051351,0.811767578125,0.1270903115468568,0.8841958323909653,145,0.3775,3,5.0,1.0
0.8050286040349008,0.81005859375,0.1387964720964916,0.8784891371333927,145,0.3775,11,9.0,0.325
0.7762173383744359,0.785888671875,0.23691305624231604,0.8417681100159571,5,0.01,5,15.0,1.0
0.8075583650625615,0.8134765625,0.1281452742096561,0.8804311635584011,18,0.5,3,9.0,0.55
0.8040647992674566,0.807373046875,0.13836775679373067,0.879432862570479,200,0.3775,7,9.0,0.775
0.7792691628436588,0.790771484375,0.2290217223910967,0.8581950723707307,8,0.01,5,3.0,0.775
0.7855494756681313,0.7982177734375,0.13693646267019222,0.8663744090230094,7,0.3775,3,11.0,0.55
0.796708628494704,0.8067626953125,0.13307142776988726,0.8812543215796114,200,0.01,9,9.0,0.325
0.8086351669112538,0.8155517578125,0.12971696163390545,0.8838021087742242,200,0.1325,11,7.0,0.1
0.7088745021465532,0.75634765625,0.17191893037522177,0.8490757693116525,8,0.1325,7,15.0,0.1
0.7999321161075863,0.8043212890625,0.1415966482724091,0.8744589693838817,145,0.5,11,15.0,1.0
0.783691808525964,0.7965087890625,0.13694869614984212,0.8664891638642747,6,0.5,3,3.0,0.55
0.7867395566808519,0.79345703125,0.14135087513974134,0.8556196145365043,18,0.3775,13,13.0,1.0
0.7770028550299924,0.7869873046875,0.16368585162686802,0.8482996339748676,4,0.1325,11,3.0,0.775
0.7899786551777028,0.794921875,0.14632379769912515,0.8557754750700763,25,0.5,11,5.0,1.0
0.8078120445182593,0.8114013671875,0.1335884819569069,0.8739951468134527,56,0.5,5,5.0,0.775
0.7670107161037829,0.7828369140625,0.1967966759292738,0.8507879728016059,34,0.01,3,5.0,0.55
0.7831965341391995,0.7933349609375,0.15135770806014848,0.8598746279865236,7,0.1325,11,7.0,0.55
0.8047246370843061,0.812255859375,0.1262986044793792,0.8862224369974342,34,0.255,3,9.0,0.325
0.7996020736044764,0.8033447265625,0.14617429153934833,0.8643001204212313,56,0.5,9,5.0,0.55
0.8073140860940294,0.81201171875,0.1263380406082292,0.8849448539815128,47,0.5,3,5.0,1.0
0.8163289393205091,0.8204345703125,0.12334608328348184,0.890140738790067,170,0.1325,5,11.0,1.0
0.7635788601567732,0.7760009765625,0.24237329377496716,0.8313756790879645,3,0.01,3,1.0,1.0
0.7708344389876761,0.7822265625,0.1443536391622542,0.8507108082632119,11,0.1325,13,1.0,0.775
0.7991872074422646,0.8033447265625,0.14240186613664113,0.8670114950450063,56,0.5,9,9.0,0.775
0.7812423911208066,0.793212890625,0.14072128317584037,0.8630018627387306,9,0.3775,9,15.0,0.1
0.7977389918982827,0.8079833984375,0.13348704076510506,0.878410406332379,200,0.01,5,15.0,0.775
0.8047029173585771,0.8092041015625,0.12962908546784957,0.8785059135463409,29,0.3775,7,11.0,1.0
0.7813712018986078,0.79150390625,0.14037778109384094,0.8653316957883617,6,0.255,11,11.0,0.775
0.7616195488420087,0.782470703125,0.1536951380804133,0.8515888202819454,6,0.255,3,11.0,0.325
0.7855621177474165,0.7984619140625,0.19986286574566717,0.8674092561387228,25,0.01,9,15.0,0.325
0.73316446322323,0.757568359375,0.24181352764446423,0.7351715478719121,6,0.01,1,9.0,0.775
0.8085845016844864,0.8121337890625,0.13261438793341787,0.8761730871948147,47,0.3775,7,5.0,0.55
0.8099970598524061,0.8140869140625,0.13569502630717795,0.8783694050575803,170,0.255,7,5.0,0.775
0.7689030126268661,0.7802734375,0.14676259982756057,0.8522779062229147,34,0.3775,16,9.0,0.775
0.7317266583073968,0.7470703125,0.24634775178459523,0.8037164557885481,2,0.01,13,15.0,0.325
0.7589116051996084,0.7677001953125,0.15928337180206617,0.8186598541899996,8,0.5,11,1.0,0.1
0.7581675861113153,0.7708740234375,0.15711459083604362,0.8286158199346527,13,0.3775,16,9.0,1.0
0.7510382421124855,0.761474609375,0.24535269088200085,0.8136350400653459,2,0.01,13,5.0,0.55
0.7974287811138763,0.806884765625,0.13363589433421413,0.8736427725298699,77,0.255,13,11.0,0.1
0.7817628001729102,0.7921142578125,0.20687790430042616,0.8612514076350221,18,0.01,7,11.0,1.0
0.7840000704466943,0.794921875,0.22562405478982894,0.8585062017386628,13,0.01,13,15.0,1.0
0.7563446859250238,0.7769775390625,0.14343067711252366,0.8565760092978918,11,0.5,3,5.0,0.1
0.7959549619908776,0.8021240234375,0.13269736306854307,0.8733580607914555,18,0.255,11,11.0,0.325
0.728291173534947,0.7418212890625,0.17701774153506442,0.777509471190061,8,0.5,13,1.0,0.1
0.7775229824145657,0.7879638671875,0.18175062445426649,0.8537488356577715,3,0.1325,11,15.0,1.0
0.801482632092163,0.8096923828125,0.12876206998320383,0.8820465720184607,25,0.1325,5,11.0,1.0
0.7869288822841277,0.796875,0.14464664893974183,0.8632834419519058,15,0.1325,13,9.0,1.0
0.762927756349952,0.7742919921875,0.15242018766660842,0.8373015118889426,15,0.5,16,9.0,0.775
0.7429085595267159,0.776611328125,0.1632621261001752,0.8715099405119535,124,0.01,11,11.0,0.1
0.7829779436836264,0.7880859375,0.14832335596194307,0.8505144337365452,21,0.5,9,1.0,1.0
0.8062175428495402,0.8121337890625,0.12754493293677854,0.8819438251906124,29,0.255,7,1.0,1.0
0.7836727450543839,0.7945556640625,0.13747518267030207,0.8685586144548498,29,0.1325,13,5.0,0.325
0.6938481778972496,0.7413330078125,0.17988487279870904,0.7568331687365351,3,0.5,3,7.0,0.1
0.7876710563294099,0.7957763671875,0.13776397762866638,0.8646146259552548,25,0.255,13,5.0,0.775
0.801608387967881,0.81103515625,0.12946503935560003,0.8830784258322789,200,0.1325,13,15.0,0.1
0.8117308658914408,0.816162109375,0.12497981723499088,0.8895674170596073,200,0.1325,7,11.0,0.775
0.7926387998798958,0.7979736328125,0.1393771419444985,0.8668681646123914,34,0.3775,11,5.0,0.775
0.8023642376936616,0.807861328125,0.13425432879406068,0.871239220719608,40,0.255,11,9.0,1.0
0.8078787274117613,0.814453125,0.12655452507436038,0.885030476338053,29,0.1325,7,9.0,1.0
0.7963870961657153,0.805419921875,0.1366310675526306,0.8754735595030478,13,0.1325,9,9.0,0.325
0.8083106373449352,0.8126220703125,0.1376473960716173,0.8802776698216763,200,0.3775,11,15.0,0.55
0.8040867425656762,0.8089599609375,0.13186379438735069,0.8753981700622891,40,0.255,9,3.0,1.0
0.7936258546815708,0.7996826171875,0.13972770173259763,0.8660702756281115,65,0.5,13,13.0,0.55
0.805291382452042,0.811279296875,0.13007212259385226,0.879524610754154,90,0.1325,9,1.0,0.55
0.7939534692439292,0.8035888671875,0.136338572111944,0.8801259163767514,200,0.01,11,15.0,0.55
0.805231491786907,0.8082275390625,0.1371788195428083,0.8711411378737826,77,0.3775,7,7.0,1.0
0.7849948152633917,0.79345703125,0.1402308200848927,0.8548265983692631,11,0.5,9,5.0,0.1
0.7936001712124376,0.797607421875,0.1389748992872274,0.8636222419594517,47,0.5,7,7.0,0.1
0.7977710006702237,0.8021240234375,0.1394164979525057,0.8650964779487278,65,0.5,7,7.0,0.1
0.766706512021061,0.78076171875,0.14986747923025456,0.8440683232991588,5,0.3775,11,15.0,0.1
0.7868422540168375,0.80078125,0.13592142392435935,0.8734841971410904,65,0.1325,1,5.0,0.775
0.7736735095023598,0.7847900390625,0.1445418743545176,0.8514942876313912,56,0.3775,16,7.0,0.55
0.7674295335700392,0.7867431640625,0.14812868775707835,0.8571271597108249,15,0.255,1,3.0,1.0
0.7761218194198015,0.7901611328125,0.14584673619130958,0.8486511729183864,9,0.5,1,5.0,0.775
0.7966604958336508,0.80615234375,0.12863528351757475,0.882891344463822,124,0.1325,1,13.0,0.775
0.6973981142980601,0.743408203125,0.1725417658821508,0.829179256807691,7,0.255,1,1.0,0.55
0.8045286506585487,0.8077392578125,0.13332995311806028,0.8751967834952395,170,0.5,3,11.0,0.55
0.7558132497373009,0.7684326171875,0.15337146230308915,0.8291902902577002,25,0.5,16,5.0,1.0
0.8020738551239714,0.8084716796875,0.12733845680441724,0.8815150172911913,25,0.255,7,3.0,0.55
0.7718729772884716,0.78662109375,0.1441595229901124,0.8542273810968251,7,0.3775,9,5.0,0.1
0.8061467838232476,0.810791015625,0.13062385023800402,0.879780920930399,77,0.255,9,7.0,0.325
0.7896712064408115,0.7989501953125,0.13826553947862896,0.86222430036267,47,0.3775,13,11.0,0.1
0.7816161579604266,0.7926025390625,0.20798478100454265,0.8590622945803066,18,0.01,5,5.0,0.775
0.740393785535388,0.76953125,0.1647264785475515,0.8426178596958652,15,0.1325,1,9.0,0.775
0.7980542339750859,0.8038330078125,0.1326004028431121,0.8723451413524168,9,0.3775,9,11.0,0.55
0.8073002522862922,0.812744140625,0.1256038057367321,0.8852764839868441,170,0.5,1,9.0,0.55
0.804545291422015,0.8123779296875,0.12616735782415403,0.8863634702448736,200,0.1325,1,3.0,0.775
0.7440065880149139,0.7728271484375,0.1618961008170846,0.8457503501293071,13,0.1325,13,9.0,0.1
0.8004169600119762,0.8062744140625,0.13208356105501026,0.8780680561295618,56,0.255,11,7.0,0.325
