trial,booster,colsample_bylevel,colsample_bytree,learning_rate,max_depth,min_child_weight,n_estimators,reg_alpha,reg_lambda,subsample,value,time
0,gbtree,0.24646688973455957,0.32479561626896214,0.2657846934562037,9,20.814367336189438,755,64.77532426827341,4.0428727350273315,0.7989954563585538,0.6602537502030182,2.458156
1,gbtree,0.34672360788274703,0.3454599737656805,0.00011861690371243162,13,27.967067056141072,1419,0.010996218010237245,1.40779231399724,0.9774323891214958,0.8106077254199857,8.239334
2,gbtree,0.5648559873736287,0.4930894746349534,0.0011195018979975153,3,38.1023703639727,870,18.533502111715695,0.01577766363058246,0.7088896710417846,0.7958815519189263,3.452236
3,gbtree,0.9591084298026666,0.25204127438822366,0.013611714042498597,10,22.656563708286026,1033,301.0828323371717,70.85721663941601,0.28483780953999827,0.5,2.71655
4,gbtree,0.22751081689217473,0.5961415280890161,0.00022481268581995073,7,16.49885582528691,616,126.14674784489826,0.035700959600309494,0.7631747698841177,0.6538083364492477,1.993562
5,gbtree,0.8201062586888916,0.9756677022116469,0.001326789408689306,9,24.476515851741933,1329,201.0721987450936,233.86439256208715,0.6400510158833581,0.5767826146086191,4.468243
6,gbtree,0.5109418317515857,0.4602642646106115,0.20924076492348906,3,6.743865691638335,1200,0.006615366471747824,93.84800715909533,0.3163693765389396,0.8308795365916026,5.101104
7,gbtree,0.9895095492804138,0.2596405149438167,0.001027881282043665,3,102.87901655576304,720,15.177443791190449,0.015570196345516612,0.6570220623686863,0.6510029037886118,2.497833
8,gbtree,0.48677258283541813,0.2592357213872723,0.08656473142106183,11,98.9513340291151,20,0.0005989585937565717,150.8761367568167,0.7801430078857128,0.6435533894342734,0.41222
9,gbtree,0.7100459770841705,0.7836849426704513,0.0015556594680629077,5,42.298281897396876,1250,89.64989861647395,0.6812233896860297,0.2976687627145177,0.6118584290125917,3.887007
10,gbtree,0.6181862635055952,0.5950364770915126,0.03708092097035715,9,98.91283185422924,248,0.07387340405009699,0.0014207404990676058,0.8205887864626731,0.6664813519539238,1.294827
11,gbtree,0.39943378331909996,0.9260531791408744,0.00012978061036051654,5,65.58847777791725,224,0.05667216683575905,34.14340513209104,0.7273078084478353,0.6676696712184785,1.245834
12,gbtree,0.7067230052083389,0.8464963036515336,0.0001893591316335682,3,119.07160184750678,465,70.28527686382388,66.37926838138381,0.467313589685326,0.640909747937391,1.801861
13,gbtree,0.2880415396221414,0.4544027799774911,0.1640782662475778,13,114.80359509028364,381,0.0033828172700188387,0.36529752669123594,0.6545066814367381,0.6585268950317091,1.441277
14,gbtree,0.29589229386694627,0.3776862483765842,0.12600947358253475,8,54.01119739989493,1638,0.018414135215695005,454.4208225488322,0.255214097898393,0.6540433980660791,4.623588
15,gbtree,0.40142583666029136,0.9699578359536891,0.007391199801845108,6,124.416324505562,653,0.216857508457719,0.0638660209183677,0.7772642191713834,0.6586332031156684,2.665741
16,gbtree,0.9266127087733229,0.4229171713892892,0.00013579037800019674,8,7.537801408748647,577,0.004048418463333446,0.007402343469704424,0.7071732504849226,0.8293246225439009,5.567219
17,gbtree,0.7825730788894878,0.39011003519391974,0.35511749309695206,11,97.72569114674714,984,0.02934650079826427,6.220638781359818,0.4315414536336253,0.6507070337610595,3.162398
18,gbtree,0.23262011324381116,0.3492148083198834,0.008509274894190977,13,41.73906825141045,1271,0.92142559953802,11.62481823613906,0.3177173275408062,0.6582943083529016,3.861569
19,gbtree,0.5093882770404299,0.7527501904819729,0.006991814816106377,10,23.144536483633914,43,192.65237839524252,0.006685373335828941,0.41987183139845347,0.5732340902808457,0.474535
20,gbtree,0.8537777601609726,0.7279872368273432,0.000256293995121452,14,33.75858671982476,689,0.5308748210122515,1.506272232520005,0.943520213708922,0.808382040635949,4.716865
21,gbtree,0.47936765969012873,0.4712238328389606,0.00021645207574664876,14,81.40388507370503,491,7.42390881964041,241.35792291303983,0.922911818464995,0.6532919470682148,1.932254
22,gbtree,0.685143247727672,0.9188433508216634,0.06444044071581621,2,21.526846690015947,1776,0.00011526713589431362,0.004062835674447078,0.7315237346157158,0.8246947956255699,6.263865
23,gbtree,0.37941544756844786,0.7215690076020804,0.00010428746928086743,9,88.87069010697205,1331,6.00071024541004,0.026515176659171316,0.370606038563124,0.6462130042936101,4.468613
24,gbtree,0.274939814262474,0.6546468826683773,0.04885475326177033,13,84.5168373221436,657,0.029315991806652227,0.03901343643245449,0.7372246742854109,0.6667540537407981,2.501551
25,gbtree,0.6021096744841536,0.8358490428333187,0.3197734410944372,14,81.15460550165238,495,0.7423417792687168,0.9017915528354472,0.5448232935000703,0.6598917293975493,2.066202
26,gbtree,0.9523668674823316,0.34168854352563915,0.04002357332224733,1,82.97498158021031,398,251.28371645523674,308.45111275338604,0.46057927183064185,0.5691156926626222,1.321257
27,gbtree,0.882407564373888,0.9708959816714022,0.00011367779996743946,7,123.76516201854604,746,0.009452291504238805,0.2044496500917521,0.9462389219407941,0.6511196916855666,3.307466
28,gbtree,0.6560489360714921,0.7568238373399785,0.0013853900850136615,9,119.89165631841918,1704,0.00044872816616678884,4.898277215907765,0.37711956001456937,0.581410914323031,5.195507
29,gbtree,0.7619872671896875,0.7576125927962145,0.00031958841415150746,14,95.07761445478397,1981,0.025818034815775753,0.05774987726789048,0.6387472392728025,0.654456373208778,7.801594
30,gbtree,0.8386361431734202,0.6012130357497597,0.08280890604911915,14,65.9404846553391,1621,2.2950041568007085,16.285506249643184,0.9003042389350777,0.702019658660686,7.170522
31,gbtree,0.22875381903739367,0.6626241127969392,0.16063960731494917,6,12.935706359790363,1594,0.1329911669902021,1.802469016852411,0.5034963676386519,0.8141275129686771,7.99264
32,gbtree,0.30164841012150784,0.4881525131290103,0.013434355902863545,1,105.4702712037766,580,0.31905901272431797,41.68322557207813,0.27287518745428707,0.5795293763118501,1.741407
33,gbtree,0.7099439211985652,0.6325080972880852,0.017526244334505836,1,68.4820382091548,439,7.439483318099948,716.3289063135321,0.314010598745326,0.6460820200612729,1.46754
34,gbtree,0.22028059473236603,0.2627651050738128,0.001456493631839901,5,56.74937042961579,1037,287.5200210625875,103.72435026692942,0.8463896460765278,0.5761487545999451,2.741399
35,gbtree,0.77167673816005,0.6393813317648964,0.002972165846947594,3,32.7808480669036,1395,2.6880814750085698,0.047819318414852596,0.37997074005313436,0.6926806770243125,5.425047
36,gbtree,0.4847781429210093,0.398184791600926,0.04549345927195762,10,54.28920792832932,1911,12.150499838106768,0.0012200030931738236,0.6657655393835505,0.6972876183064987,5.975766
37,gbtree,0.2782673285208012,0.5793390632698602,0.00014645502467126124,13,90.364548141263,241,0.19878500601148194,0.6931554219323903,0.28054660173922763,0.579859628445709,1.012685
38,gbtree,0.499690091701177,0.23624320781763564,0.003653925328605644,10,81.65689366019076,354,1.5814779179700953,1.0442814210473008,0.54887855079803,0.6505936624662704,1.405504
39,gbtree,0.6686204650187706,0.22120904843329747,0.023585982772904763,2,82.58724833220208,1715,203.35671381436887,2.8369067932328353,0.37220082031107227,0.5697433087040196,4.493163
40,gbtree,0.9689524510591314,0.5088821102406194,0.020756912498528804,9,120.56603071461869,782,118.64293075342988,0.014953636132627126,0.5936896678686374,0.6432886349469741,2.505129
41,gbtree,0.45518050423500905,0.2569509187681832,0.0002306791841544548,2,87.74186022387732,148,46.61187194439682,0.0013792138650780268,0.26366636923866227,0.5795161891216574,0.716088
42,gbtree,0.7880568350431087,0.9019776108216424,0.0010357568342127424,11,80.87574154104527,1631,24.590676155650485,0.049227460846068764,0.3386236207162422,0.6462011746862865,5.818977
43,gbtree,0.8211303685935976,0.49761446863422654,0.0505544471924252,15,53.402444967751165,363,0.019343851753942543,384.18813972238587,0.855126054450448,0.7982635316311999,1.871311
44,gbtree,0.6042018979582857,0.9220423253436534,0.0035096371826253106,12,14.09673134216344,1719,35.069231696703525,0.08323339438442744,0.813153300843623,0.8067823443536506,8.535804
45,gbtree,0.960049573640644,0.4554509100723319,0.002523061261149715,14,12.593407951838962,1792,238.71514635028188,2.7582100003239063,0.25812823861022377,0.5,4.505954
46,gbtree,0.8332632349806788,0.8018996235501441,0.0041240856193389235,5,86.40984392178387,1267,19.850035422145805,0.0035256290689538567,0.4699080787735484,0.655454689537823,4.615875
47,gbtree,0.2936536131420847,0.480732010041663,0.00016118703499847542,7,113.73843121030407,994,0.0009106883839210573,37.07351723314314,0.6621466617428017,0.6480812701576215,3.231433
48,gbtree,0.764993781725197,0.857488047432285,0.00023133958165049372,11,10.240901808252579,1240,0.0003513912398082295,0.003228689523591492,0.3130801045862481,0.81436777159176,9.307636
49,gbtree,0.8027025482071533,0.9888008510582968,0.002229183702678113,13,121.30056932775005,1974,0.03345238872352273,0.0031695988468550167,0.5279816103001682,0.6510911160070111,6.710335
50,gbtree,0.20908291581393526,0.5941000834326873,0.010266102757225537,14,15.12208025288122,1557,0.1394346680903297,0.0021768056404084728,0.5681665069352322,0.8331874662352597,8.477191
51,gbtree,0.4998964636189633,0.9697380387796335,0.00026505536025006127,12,75.08783316733927,246,0.008258848851312154,162.77764805093452,0.7369077265870476,0.6526189078049105,1.270423
52,gbtree,0.6221608872690398,0.912914490958457,0.29483930042524376,15,6.481308817723166,455,459.2708472109953,0.002771911679709473,0.25911585601736226,0.5,1.432875
53,gbtree,0.7020464640672508,0.5636328518142186,0.3100886591064913,10,89.36008350104638,1112,0.8323815794816474,255.23960446765452,0.6423233831276116,0.662355953386401,4.211528
54,gbtree,0.42190494638490617,0.6961060782412294,0.001028125815872733,14,58.86840760378554,100,0.0018287555028564293,0.6056063630945983,0.962808613057419,0.7955990573394879,0.989394
55,gbtree,0.6288770930752963,0.7585293712157961,0.012657977786405617,15,126.24876454890956,713,0.011931755297303573,76.34315752440783,0.30830097772373866,0.5785850711829568,2.24403
56,gbtree,0.690732156748632,0.7805756067106879,0.0003852618192798649,13,121.62458898807435,1373,0.06398901717509341,394.7943239814269,0.9331953883703819,0.6504098578348443,4.995587
57,gbtree,0.3203335128828226,0.9898209034519556,0.00014550581922833264,6,103.94027300929278,1734,0.9686867545575826,0.19290573525423366,0.269775230872939,0.5786640054152666,5.042731
58,gbtree,0.2451003973207417,0.41872565754456503,0.10798486283466889,8,53.68207679688348,1941,63.33676297173506,75.40602622541995,0.8787465285333533,0.6589192876182357,4.83676
59,gbtree,0.39787848139455817,0.8797179125419292,0.38899648471342585,12,120.98524769506835,2000,0.10539553995365257,0.005956024710686483,0.6665737792019706,0.6559676751233898,7.058043
60,gbtree,0.2908460737597032,0.48653017442627244,0.015257289909878574,11,79.50228653815277,1909,3.2045412606069203,1.3238726356442903,0.421482104127597,0.6573914750537417,5.662646
61,gbtree,0.5227862929699176,0.9013228821266761,0.007475842382198888,9,72.23912238499406,1547,0.0007927647781092645,0.0014883191091511617,0.8891361252389051,0.6944547793320324,7.341761
62,gbtree,0.4804700470452776,0.21163573253430557,0.017155059045048583,4,18.31917739951976,1513,0.9076470821832772,0.2256650333265362,0.7780598260744177,0.8291882740157247,6.010284
63,gbtree,0.6976693601822987,0.5172342258570162,0.18064829179491781,8,100.52393261812517,881,61.07042277693579,497.87892360056696,0.5111916002674752,0.6487688357945726,2.958478
64,gbtree,0.5940944751942957,0.9840260602283817,0.21758262555515984,4,59.310241042259186,302,0.016057698655262378,6.315461993576113,0.6190872198096536,0.6694984541798931,1.573254
65,gbtree,0.7126997958425718,0.31106173811952814,0.00018761357496684583,2,20.291642076061382,488,0.0016606671189416636,0.11857788502887923,0.3466597914329869,0.7877131454102432,1.91654
66,gbtree,0.33514805045773166,0.2326948930131831,0.0050961037585747,3,25.420705388701187,1795,0.007398399744754436,0.011536203425923774,0.7506683038907704,0.8193013616337435,6.544534
67,gbtree,0.7523158629034923,0.6027338166838856,0.00027198042295441775,4,47.26227235310559,186,0.00018355057905825302,62.58386687830315,0.5955840760245443,0.6840997231290427,1.104343
68,gbtree,0.8449610238344492,0.421502118517763,0.00019701574620112778,14,8.756900901567697,1260,10.47794860077498,0.012797528816608028,0.905183968080083,0.817935380635439,7.874648
69,gbtree,0.7979767505070052,0.5700277729065184,0.002160044704113303,10,47.85203222536109,426,0.00017624528656875983,0.032705565748799785,0.613392238893266,0.6916746892062073,2.44086
70,gbtree,0.6260938131640186,0.5579298934587638,0.16772149852447887,8,14.610845440151559,1430,0.0042344798096855835,0.041253365603554956,0.6337580815867496,0.8056546103639453,8.689694
71,gbtree,0.912421824591916,0.295809705455401,0.00011811298858330202,4,42.59216372659516,761,0.9606651092617312,11.874461257434692,0.4915593741873837,0.6807819605354849,3.213703
72,gbtree,0.5453276369837435,0.796351579347464,0.006243364674054272,9,75.52882198865164,1581,0.0007177458550727617,0.05042610627702666,0.31519021606556774,0.6512451705871627,5.260438
73,gbtree,0.3897814333887956,0.6846198554855097,0.021214492784132802,6,126.28743659670842,732,0.00048182140101366174,0.00826332501962661,0.6780837285016839,0.6585790591139622,2.779135
74,gbtree,0.26418699652931377,0.9174123397011402,0.0003791263292274188,5,23.018446602433862,499,0.33043687798514765,0.28998862446566814,0.3899252680384793,0.7955457077744081,2.690722
75,gbtree,0.40632226163595186,0.8536576567594241,0.0002532624751651271,15,110.91940498853549,1965,0.0014012994668745216,10.276833480570735,0.5483916992843062,0.6492062754800103,7.017845
76,gbtree,0.45894338912339494,0.3496349988460187,0.010127292219612725,5,98.72560251537598,1860,0.07151018768926122,1.1108675282673162,0.6787095171024249,0.6615149618143736,6.166803
77,gbtree,0.584912081483854,0.3234901722193619,0.0002592084361663979,5,74.81725412067176,492,0.3743572784714793,0.0020461676818738237,0.7079650318312245,0.6549508681121998,2.206158
78,gbtree,0.4037125238110111,0.847899556683708,0.0003049086394285337,15,41.93893831178982,680,3.7358182773433857,36.42228256693425,0.2975312278545758,0.6519321370158337,2.71936
79,gbtree,0.9720215285332101,0.8644955262301834,0.004996267950997349,6,119.05020131947389,1195,0.0006822501310513788,24.277549664050156,0.5588806856104513,0.6534811213677381,4.440859
80,gbtree,0.3118179013010316,0.8734630214066177,0.00044958558363380986,12,73.95808537384882,1878,21.660231123215173,0.01620928731296524,0.2998722005250831,0.6461244551150451,5.709746
81,gbtree,0.9017604326504867,0.487064387298802,0.00039056674173074254,10,67.42930894567816,335,0.04295563768055977,79.35908226154798,0.8609310401735366,0.6869494061577346,1.672018
82,gbtree,0.38577015611745386,0.6021763120739834,0.002279168574640124,5,95.94639128238389,884,108.5147219961055,0.2010700232947344,0.5970098392522049,0.6461923421402518,2.791421
83,gbtree,0.4679244917256689,0.7021664424571343,0.18414796512113124,2,120.35867969891135,1092,0.0008598326523354523,58.09665602369163,0.7181784969354941,0.6593486911460895,3.608227
84,gbtree,0.3987913118515726,0.4493776542364386,0.008347546680059445,12,20.2627097260594,1244,9.802492379211841,0.0015892587397738857,0.9204194372882182,0.8246526012879344,5.794808
85,gbtree,0.8771618333876146,0.2885053895641658,0.055772733057117864,6,105.29967769334563,1144,0.0007167304448246386,0.24194895091734436,0.9075742275713121,0.6673586086260329,4.329931
86,gbtree,0.7551587555736801,0.7129181063082379,0.00034674608560998323,11,92.44464014135144,1597,0.4378091207325079,0.032418607283150554,0.42193854642448114,0.647969991278395,6.135022
87,gbtree,0.9578266716894523,0.5696046429153061,0.0004509473822683668,9,51.90812992898226,698,0.0010687495931266883,3.2913873230669815,0.9313379210002213,0.8009029696615553,4.00104
88,gbtree,0.7573206591015138,0.6521065468713672,0.015940239340729273,14,119.37902187541877,1017,154.63129291303883,17.515873735242877,0.2635826378656304,0.5682564142727055,2.782084
89,gbtree,0.9404548103254211,0.947493611815212,0.01190762764372125,7,94.5284179243398,313,0.10587734730878878,0.004780004165163951,0.7050362847871419,0.6635068435104317,1.676871
90,gbtree,0.6730203485959434,0.6150704457008578,0.10513836861666082,14,111.4768379818903,1970,0.04753536745590969,0.0021309331861011746,0.3434970109024501,0.5819867316976335,5.574487
91,gbtree,0.9358844931302084,0.6299164823503383,0.07796977592104902,6,51.5674240860498,677,0.021073116888228098,0.12070331879029861,0.25347401725345214,0.6572432002482951,2.483924
92,gbtree,0.5986942181915837,0.3411095892049787,0.004255162522256027,7,18.88884158823458,1478,0.06466718172130374,308.3723329640507,0.41845361720498647,0.7974986857840562,7.550487
93,gbtree,0.9688562539755641,0.34242877349580114,0.012339968979743899,1,85.26924624612225,731,0.0009940732186808513,0.3074289362576616,0.7241982159396478,0.6597669682010269,2.173724
94,gbtree,0.36792447447646864,0.7999683763193424,0.3897632239811231,9,9.51871262833029,179,105.99580254822493,0.01701523074169533,0.626646257748432,0.6532526905551533,0.807371
95,gbtree,0.5626310677984221,0.8204220933560085,0.00013541104705573897,9,9.34499720740075,389,0.32981916042511167,0.4411400434514033,0.6040502088324995,0.8229216168692922,3.664321
96,gbtree,0.49864745302380237,0.9568923697069063,0.010371893457320355,3,110.44677386871669,807,0.006553889316003498,7.3113446972799245,0.3664301844480344,0.5828971310488991,2.697864
97,gbtree,0.3775777295463596,0.2216767940027868,0.00012343637979999873,11,84.68334062258923,823,0.0035509388337977977,10.748712866171667,0.36711444802464277,0.6448854300739426,2.618254
98,gbtree,0.27955311420747614,0.3905462248373812,0.00023714029616405942,3,83.8987556971881,49,0.004280631829215276,21.55765866149536,0.849937064029892,0.6530736837900675,0.501161
99,gbtree,0.9170686548168958,0.4345181842088106,0.09783669155176754,11,27.033005517809265,1713,0.00012224565021056363,0.003258751057628605,0.5478876472138411,0.8083162123586393,8.753152
100,gbtree,0.8539548493907527,0.9141373688615799,0.00012461507696704337,9,54.52091792524724,423,0.01964920075718649,0.03601974223479835,0.386076576317348,0.6524327230993764,2.029272
101,gbtree,0.5489012233082533,0.6416377446815842,0.013374507404382192,10,52.995279828287536,765,0.009454754902633828,490.59129941629794,0.4510477306171572,0.656355677339111,2.867956
102,gbtree,0.5401708035753867,0.8398842047578523,0.0003196657187963277,8,114.60813281554961,1530,0.000141498766954131,0.04093211223750607,0.9013509819234347,0.655197867304197,6.316451
103,gbtree,0.6205521458421487,0.9875217445628417,0.01913491560124683,3,107.03614007351099,1088,0.0014185435567559764,0.04303719511803838,0.4434157640749017,0.6509140825940578,3.595523
104,gbtree,0.7211363106814914,0.6433424020126348,0.1964984600739419,9,35.805013027275166,46,36.89451103401169,0.017319192149311356,0.33831331216760585,0.6574636363476644,0.489738
105,gbtree,0.7320293396370043,0.6804134883469227,0.0003112219728933402,14,76.87146397562915,31,0.0015018039825900747,306.5290756308076,0.9250139813860788,0.6712100813948041,0.459211
106,gbtree,0.2662389343401012,0.7904268931410965,0.0023993188374549436,1,22.117987832022084,843,1.113551558134439,0.02965477669568773,0.6391882789621282,0.7977632238453767,2.474164
107,gbtree,0.5808403217592797,0.6531237122375178,0.001096205959988524,11,38.734457884143225,785,2.836279419945485,417.809620603985,0.5167545373487119,0.7575892416259494,3.22554
108,gbtree,0.5970929977609891,0.2411406507874003,0.0005946044268837342,4,76.57489719893236,1468,1.010135880351154,0.10126592752631527,0.2733873512959635,0.5986166907383161,4.104616
109,gbtree,0.547861870882997,0.7507219171421888,0.00024208802241907192,11,63.927397158187205,1544,0.004499639907866893,82.15119893998211,0.30635333630185657,0.6473631437945536,5.122066
110,gbtree,0.9338508603697944,0.27326565866130736,0.03179350173906939,9,46.843684911383406,1601,0.0008278528162278359,502.833406430314,0.45410885292247205,0.6638235354310895,5.615752
111,gbtree,0.7270266933685738,0.8452489182891598,0.00046436546755693024,14,93.99256057401428,897,4.412354108772182,124.50130664570104,0.6564257105337686,0.650088753080627,3.616004
112,gbtree,0.7644601380125509,0.23154144909480473,0.005793460900451121,15,120.89553614019988,507,161.33951328991347,0.012118589392553813,0.41590708136470167,0.5761382202785165,1.566182
113,gbtree,0.9768465961322943,0.9395169563012244,0.19844664878421364,11,38.763323936313945,1140,216.4406305925576,0.7003018924277823,0.27545948393934916,0.5471552676538849,3.015097
114,gbtree,0.3840070698301625,0.6770159027856424,0.11018376270348763,13,5.699969608867563,1726,0.0006440443653939049,0.0028954709348093344,0.4893253549324417,0.809088266655602,12.331242
115,gbtree,0.8325785318711709,0.6315930339002698,0.001675907363112126,1,41.04187290448751,1396,0.013759308016798205,5.6930927417362165,0.7935750786465711,0.790431672362166,3.882469
116,gbtree,0.8997613381473595,0.2170155286803097,0.016533932119322893,1,111.5025569854181,1773,0.35381971193171724,430.92946588229006,0.4247196060652253,0.6461912905203784,4.631662
117,gbtree,0.7020043705746961,0.5839004962431271,0.3932045489757936,12,52.045226028373754,1600,72.73368943057754,802.6030674034243,0.5130338615887826,0.6553229239748772,4.423793
118,gbtree,0.48369772611262124,0.28837929050511574,0.003197577002535918,12,31.324697512574396,1539,0.00845597982893379,0.05995821881487626,0.5660177517078027,0.8036316975267931,6.87522
119,gbtree,0.7437178261544559,0.5074613177277454,0.0001417823578090153,15,55.32718798445452,475,0.0029128911343462723,500.9185372368968,0.26340545105006036,0.6440865110512122,1.744059
120,gbtree,0.6907291113685662,0.5739212089998957,0.00020992482229176604,14,120.98096683100911,1575,0.0013203097700039519,885.1395711930838,0.5631855818386963,0.643895501737771,5.044826
121,gbtree,0.34122242560440663,0.384535849374207,0.24875762752461827,10,66.11144089909659,471,0.00301509846310769,0.013141035026080678,0.7372349867442763,0.6699221618277478,1.891049
122,gbtree,0.9959262581171482,0.9422018265561705,0.001824618979330943,15,113.24080739035506,1562,0.001467946311198368,0.238480082583002,0.2933820074225473,0.579070261618025,4.893277
123,gbtree,0.6295795383147309,0.37905409185809846,0.0321445996713936,13,29.503952623255906,1519,0.9510297298491055,3.0235506416287015,0.3654219297548913,0.7300093001528497,6.19504
124,gbtree,0.8897020938123605,0.9645211985838027,0.14476603085813375,2,113.8710061433601,192,26.993666816747098,8.539882274838025,0.4492000319415296,0.6462450987194499,0.868883
125,gbtree,0.5967005880630167,0.778736090950868,0.00020574606016549374,6,33.98873053756143,1106,0.00034975259210323194,0.02094590896622261,0.5563399098030241,0.7991066313455288,6.120099
126,gbtree,0.8597447727401193,0.6739262277276141,0.00018803033641923177,8,62.0344953204843,1370,0.021554892970319046,11.697604007727207,0.8884051855365765,0.7726408164281203,6.817805
127,gbtree,0.893835360767842,0.8804653832753935,0.0009159079918805139,12,84.62338300162004,1136,5.657159728906955,105.21555979709753,0.9089724897663685,0.6582187164773087,4.80767
128,gbtree,0.8974748221961857,0.9046966073591427,0.028177850617887877,12,21.14284837222036,1398,0.00015711871461529593,90.13646118447784,0.7139585336613883,0.8295873155250096,9.385447
129,gbtree,0.605974187008669,0.8657073423661936,0.0016110841211581588,3,104.8818120631209,266,0.00011036834678794158,0.05275076947303703,0.8076311922187058,0.6537548811312393,1.291707
130,gbtree,0.8238763161209148,0.6319883037726843,0.3422090384047594,4,81.51872429365064,1238,0.0005221099701042614,36.827091004639854,0.7238601452625013,0.6647749547890872,4.752369
131,gbtree,0.9497827897891609,0.2820077823925434,0.2942760846217354,10,119.36756939977222,1087,4.122977959962453,0.002552832702360797,0.5064041245290145,0.6456381452187213,3.378027
132,gbtree,0.2365936270500103,0.6967324142139817,0.03555317147574058,9,44.927148233025505,609,70.36808194136938,693.3201384399592,0.3005129511015788,0.643121027991858,2.007761
133,gbtree,0.458888175319633,0.21769884122319783,0.05015230183086632,12,4.122538390267792,1939,0.18986244924528956,41.92224259816185,0.347564680097974,0.8336089124185824,8.307225
134,gbtree,0.3308990569533353,0.5611096194637404,0.004038018447483212,15,55.12502538396856,1370,21.507594021904755,14.524237928628017,0.4552199997112494,0.6561336809347926,4.453533
135,gbtree,0.3208463134247202,0.9606908498003284,0.00019803477918707067,10,35.70395992877258,449,0.07955196173361151,458.87618708339824,0.7603744765560349,0.7917237036683666,2.112007
136,gbtree,0.9152793629433076,0.5274672050520344,0.019953026047754154,5,125.96516129089818,845,0.0034900168976569014,0.018994515667311206,0.5481957984720958,0.6519958358921377,3.019961
137,gbtree,0.3484204125624969,0.9745547423317775,0.022250665215279047,13,61.09765814982776,71,67.27091396192603,45.66475340511559,0.5263947577928209,0.6509309965286539,0.593953
138,gbtree,0.9366782782525496,0.22602094359300154,0.11039765979762632,10,17.66809946566322,1544,1.3717451445651905,60.14835383075804,0.8207679932072491,0.8287082337145775,7.487245
139,gbtree,0.5932756373931496,0.3604197813602694,0.0002645764190393491,11,55.64884865223176,968,0.0002696466894984365,3.1033332277537267,0.34388934415191286,0.6508977234554113,3.541615
140,gbtree,0.5139948451253479,0.2579575102356471,0.07462008288890544,7,2.4758085683287807,545,0.16597367369968113,3.9822020235865763,0.4827714691926803,0.8297621583286492,3.78036
141,gbtree,0.28394414273453994,0.5844055578062632,0.03186885400988739,12,6.031590819241357,590,0.0042067369304434315,831.7169640035094,0.8950917978919034,0.8122153450515364,3.237059
142,gbtree,0.46116904659519353,0.20781667793534694,0.006266500197525725,11,72.07538280283809,293,0.29748644196217794,0.003366657951885204,0.7136168007385894,0.6547415452003302,1.283737
143,gbtree,0.7515719753098127,0.6540326786092465,0.00013170418941204482,6,17.854900763468663,708,23.51539571914934,0.015881863734140803,0.30893387286626556,0.7797646532927414,3.151933
144,gbtree,0.24157702692117794,0.948969796994952,0.00023804531256535653,11,5.011440392856539,343,0.42825578911416695,17.962348438857106,0.7273226871577275,0.8152332967717819,2.760112
145,gbtree,0.9158533248484222,0.2640918771077401,0.037340830127720735,6,104.48278944580706,1744,0.4720033491064193,80.12842747582903,0.8512960623023439,0.6648944431745427,5.991668
146,gbtree,0.39768258720811717,0.24828166719245104,0.020806808361669833,11,11.367007717884876,910,0.0011760568876172286,170.09885865500343,0.644801995702085,0.8154581742990483,3.801408
147,gbtree,0.5985565731625112,0.726966220400701,0.32743507161864044,3,101.29171040709485,446,0.5322111754928979,20.663822832819758,0.5026718438283302,0.6558742569854747,1.740604
148,gbtree,0.2577587271833407,0.744182593945033,0.3880203803417608,10,26.341891268001433,464,0.0001605668591730184,0.035163923864553415,0.9810948716100873,0.8176473732705749,2.977805
149,gbtree,0.4968310103876822,0.47674799403757034,0.13414350610689432,12,55.03765347490557,931,423.0654404477615,0.001740424340649578,0.795376802324731,0.5687735024811245,2.52907
150,gbtree,0.9205614912090068,0.8987385904653284,0.012145727613655715,11,62.80695556093726,1736,0.06752110586628256,0.04581068475193412,0.5789615643921928,0.6695736795157685,7.419267
151,gbtree,0.30525414810180784,0.7864904179322247,0.1933692909711056,10,81.2081479517501,1189,6.348380264421398,284.57393813758034,0.40799664175424993,0.656557651935608,3.781642
152,gbtree,0.39778485952254167,0.5938222851584278,0.0007172083000965075,3,109.50690685793656,367,69.51782183419216,0.46971186428962125,0.9785463205312297,0.6522197325957273,1.514001
153,gbtree,0.40650674616090204,0.9755298578682301,0.001967796335446596,3,50.66735515477361,1035,2.5481417034940197,0.08935942907009703,0.6947131385761955,0.7676058476585055,4.249776
154,gbtree,0.33580632407003264,0.2587973978640101,0.00029608388947752266,7,30.97840884500092,1549,0.3071169170624206,0.1052008039152057,0.9773657838089085,0.8074128355864639,6.793654
155,gbtree,0.3340953730306542,0.33363352632075993,0.003565190246635752,10,90.76070654445162,1660,0.0001762132264463203,26.20668510929461,0.4365357044407224,0.6511163882347171,5.153484
156,gbtree,0.3646729680294146,0.8946170244106069,0.005124469211637994,13,75.34000427838753,1331,0.0005635065136340313,0.04154298215861666,0.8831278367268979,0.6860305158625577,6.010557
157,gbtree,0.947100014022324,0.5617592226267483,0.008190388556666931,1,16.507959079273405,123,0.013218332073440189,1.1051185074931398,0.9524542692212211,0.7865268997985331,0.672889
158,gbtree,0.7112959502524003,0.9614494283385913,0.00034224814992838266,15,1.6273775786700213,92,66.54235118283333,0.5351051537438679,0.9899725922191351,0.6594421021407856,0.899401
159,gbtree,0.7637446101893175,0.44634395327295273,0.005765735409144204,3,4.8066459138301,1036,0.002260941382183969,10.97980431192848,0.7501481931595783,0.8340439905704019,4.769254
160,gbtree,0.7541007617809317,0.34171983155790875,0.00021788935410972906,7,111.25406630594318,1941,41.989599920268255,465.2488591349139,0.7544515886688448,0.6492272418130008,6.064519
161,gbtree,0.9447589564055823,0.2243096477574695,0.006178077132820599,14,73.46743782313138,1370,4.228838678148265,11.457248022859124,0.7133854301509104,0.6629794765600472,4.89272
162,gbtree,0.9995309806165333,0.7262762436824288,0.02362354074955619,10,14.537314849114821,439,0.00021060446970980253,729.5332748111674,0.5453983042406189,0.8011529775868277,2.47323
163,gbtree,0.5233122573208264,0.9028124490410783,0.1369323828833244,9,94.78304957491846,820,0.01563701191617984,10.128854052229931,0.8367891130437051,0.6687562976944497,3.343454
164,gbtree,0.6355912783686797,0.2961672442964868,0.05569250928940836,7,104.86494545422775,1618,0.00010930408873509276,0.08861657881839814,0.8483602366439759,0.6647082296342729,5.385726
165,gbtree,0.49860143330347206,0.390035304699462,0.0026732390841035037,6,57.984090073061395,739,0.0033482145800748657,0.0027490050813656322,0.7716004050173966,0.691759372175396,3.36393
166,gbtree,0.6152654281089744,0.8906669196574601,0.025523638643124503,7,49.23279408276218,1211,0.16404408573360924,0.0014251231497686534,0.7146177595072108,0.7875056399132311,5.986004
167,gbtree,0.8119066092337026,0.6863240742347557,0.0023414636895257896,9,68.76752343431356,689,28.480053151029008,20.35815691014686,0.5491170856726754,0.6552492706591905,2.7734
168,gbtree,0.39478583726103944,0.9184244391599896,0.00011632548089347472,1,83.22928869763459,1912,165.8536463932791,0.0022993460739742675,0.3968334892626596,0.5760043309045114,5.03282
169,gbtree,0.4458319719410293,0.4278983215695383,0.0018474215858519005,8,33.61062410050451,1870,24.418418584799486,1.717780467042213,0.3260656213369124,0.6553723131421088,5.855297
170,gbtree,0.3449194796277443,0.29750887466955805,0.01579279151687868,5,53.52073589371964,629,3.713672122069372,0.012263941950198257,0.7871130056673952,0.7831366972186431,2.557635
171,gbtree,0.5868365173759398,0.9703415001900639,0.035811884187354946,9,33.5834735300732,1055,25.563575840586953,2.0015168607057783,0.33015769232105785,0.6627102486579718,3.423425
172,gbtree,0.382463817559146,0.9073651706787262,0.019083113725799555,10,105.03698514720236,96,0.0026464645127320815,4.633252119753638,0.9635525066549928,0.6604388033081671,0.784157
173,gbtree,0.4198448284385089,0.8244204121950895,0.10598167944855265,6,31.082560989759223,828,33.047722609323785,0.3486819947881042,0.9250173425485084,0.8044854456854005,2.60628
174,gbtree,0.7894989959553458,0.33441136619589074,0.0002208634906528691,7,75.4992748232852,1339,61.48065911357886,0.01997279298097067,0.7178944935074297,0.6534757305752724,4.330004
175,gbtree,0.5127247967244117,0.38555767689278037,0.00012165994199078257,10,70.4305714146869,200,0.9738727594081037,0.956315408087207,0.7314786253324495,0.6550534376283857,1.080925
176,gbtree,0.7539489210594958,0.7740782125265411,0.0003100731590515799,7,55.38135109555307,1976,447.3053186853791,0.005893397529729981,0.7713584155356954,0.5678624542408173,5.340393
177,gbtree,0.9153526997312946,0.26852659967714443,0.04065480415983681,5,11.086259861601299,217,0.0019377140052328056,0.08714237109972742,0.6837901877548068,0.8322989829317335,1.550296
178,gbtree,0.38696966552834644,0.8402852062578894,0.0018998442129544164,8,9.586795576211292,461,0.4198418405038386,190.7543828944446,0.30206788205957,0.7998184555741461,2.308866
179,gbtree,0.7294713518795028,0.9953114889769341,0.008312772976671748,5,86.02484331017014,1305,0.552483773011714,24.2048871085909,0.4932503148365317,0.6596486159464116,4.853171
180,gbtree,0.3607469509272452,0.7520039126565325,0.00016467828142319735,15,23.263473679422773,936,0.39356148237000693,0.0038024078499986186,0.6717226119084323,0.8119729475086626,6.114821
181,gbtree,0.38771366548436287,0.9417422555835622,0.05293533598441193,10,102.02214502029561,906,0.047765934512189336,0.008212891397025428,0.5106786431792365,0.6570490386388126,3.423699
182,gbtree,0.27129954569281334,0.6988685504022079,0.21832984099417513,13,67.16166311354935,1986,11.67651239431513,0.005838225988245985,0.6549678477104197,0.6692806156847027,6.060613
183,gbtree,0.4881091259772153,0.4104900559286743,0.06560124576554745,1,39.497301205056736,1654,0.0003872744520715138,418.5496067158165,0.7815585233072323,0.8021590591926409,4.502268
184,gbtree,0.9355135785715338,0.6125435421571983,0.0012604246725217874,7,77.2754803367984,1112,0.21590473531052382,897.3215315767917,0.5477361378057126,0.6467036640976511,4.003032
185,gbtree,0.9023794563560557,0.5044986347812641,0.0005637251119645152,2,104.81611297838133,1705,66.684772727086,68.47821019182634,0.9479464109829372,0.6530000254979011,5.631856
186,gbtree,0.47687978123022845,0.7559608711219694,0.0012516201236069393,7,23.037613403286603,1582,351.2628447911756,7.011847531913473,0.31068946228843913,0.5,4.089302
187,gbtree,0.8118478407223964,0.685002350200782,0.0003001662237108509,14,62.85686369000486,1647,0.0014894967155354183,1.0360875587906948,0.8965108617044669,0.7710952805864879,9.038968
188,gbtree,0.9704920892713391,0.3081330313238582,0.00033670370938866374,2,4.278112182584847,803,0.4863422591681892,623.6385698315355,0.5256508167186486,0.7971367828210296,3.056621
189,gbtree,0.37283054600767973,0.712661051752165,0.0013279460077324525,7,14.419414901241478,871,1.435432761100334,7.965381010765315,0.6296063971301831,0.815286407036425,5.333106
190,gbtree,0.24622444879709332,0.9958930537358137,0.00016633553419775858,7,8.386802029195426,312,4.604462950520764,798.1298461137441,0.8355711895513298,0.7984666025542555,1.829287
191,gbtree,0.24983343850405015,0.7537290733553055,0.0003253799287651655,5,13.83281799835213,486,0.26172823825275293,955.3909500713726,0.34103870456682167,0.7925068563227524,2.071978
192,gbtree,0.3045683013921596,0.5408667071122972,0.01644588785019003,10,67.93426591677975,1630,88.81105488659315,0.4996983241344725,0.4796902155899587,0.6476286854247936,4.503183
193,gbtree,0.20882501154291777,0.8154439149130719,0.002111987017470047,13,94.16902633129806,397,0.061956877078159764,0.7727960788489164,0.5605973143966952,0.6509432159537509,1.667009
194,gbtree,0.20969661971511463,0.37216149761379,0.0008627058925984951,3,68.98438669447914,48,0.004152271036415529,716.5434484082756,0.8202173673416012,0.6567161717265566,0.496546
195,gbtree,0.8754856661916928,0.5635018676479687,0.2860570391399596,2,70.59085509965901,1605,0.000455053556476854,0.8500546005452053,0.6158905329447718,0.6639911265411844,5.268496
196,gbtree,0.5675574147247893,0.5155810228560282,0.0014774138513780292,8,48.737812213512704,308,18.48791417715631,225.16875868588036,0.8030178080408498,0.7876507374610651,1.59816
197,gbtree,0.8726972635407382,0.40373649763684094,0.06830825714914411,11,56.57559675503477,1912,0.00018105592802778665,257.3783146993416,0.48655517181100955,0.6666067400163252,6.889365
198,gbtree,0.253321632448552,0.6911468678080495,0.019735037048261028,14,81.85704963523533,928,0.30070411354654847,0.007961850249633385,0.744515441654337,0.667380099708024,3.612677
199,gbtree,0.2576674687989387,0.7730587104501458,0.006999291607282342,1,11.768586037817009,1478,0.00030066344071783614,0.0011820908383754253,0.760170834406265,0.8173874774671984,4.140527
200,gbtree,0.7290964888563316,0.8197228249449455,0.04534708290011084,5,45.412310177722894,1914,0.0017479421713293215,0.011082966282846276,0.5149385563765481,0.6926381829831907,8.124149
201,gbtree,0.9742880278760244,0.2657373339811419,0.023902867760139217,4,3.6600100509259272,205,0.00959884039866811,41.24192109703736,0.823279496666302,0.8203201147613767,1.349735
202,gbtree,0.7151234028329045,0.8197070245102305,0.002375579096356552,2,79.10664694093606,1253,0.3613600792927382,0.0017852841142972282,0.4042654466466663,0.6534743600291415,4.182712
203,gbtree,0.7984585435436258,0.6659381265657972,0.07533840722218373,15,77.43896188381291,1938,27.950054204204847,8.687036454256605,0.4696165275257236,0.6586924724038163,5.548384
204,gbtree,0.5515239917555618,0.5456615063553568,0.0016537118929303004,4,48.26521202736419,265,1.2953201716545562,455.46501786878434,0.9460627302445372,0.7908700407380779,1.367938
205,gbtree,0.8527575511748939,0.4287254313913281,0.00027393987071732046,14,83.01797320721117,489,60.14005790058159,119.97369430925026,0.398102867394953,0.6433693812164745,1.819375
206,gbtree,0.8211579571997798,0.7827925417292907,0.0008101907619961738,7,107.93381621703782,1839,2.5256135976731224,0.011603062105571063,0.8162814465597087,0.657879854104606,7.445996
207,gbtree,0.7807839279882365,0.30538301876364954,0.35224064963015994,1,21.931481597638516,1095,30.67203196497788,0.019101531890173863,0.9530410498728392,0.7931396865848919,2.931112
208,gbtree,0.43803876105505646,0.6066884375330239,0.10672415914595007,9,75.97415668826416,1017,0.6178528922125953,13.592890309882982,0.7996011585746879,0.6717239485271407,4.196027
209,gbtree,0.3973430916172984,0.20746529586167464,0.019586625923308554,3,59.617799251313315,1748,7.482173300361277,893.0169622518516,0.8208411527823685,0.760320046553444,5.669817
210,gbtree,0.6927883602081433,0.7864570368237398,0.0027938726863097046,4,71.49578856139036,207,0.0018260333449991446,0.1356149012666165,0.8500532265243697,0.6832627855065574,1.265868
211,gbtree,0.36198444813218994,0.7965870261849857,0.009916471149155398,12,5.484542077410362,1570,267.90055947290665,0.16130376626800882,0.2539222101571845,0.5,4.068184
212,gbtree,0.558888504763634,0.4946476244054787,0.00034379827182991966,14,127.53446087866041,660,6.991475745829089,207.57482611623794,0.4792031616176612,0.6365721527536965,2.233002
213,gbtree,0.48439440835308595,0.6956714699678725,0.0025721663538342105,11,1.4087194777433925,1190,21.30513536165183,0.003613631297200189,0.5594663806364678,0.8167448205674241,7.410403
214,gbtree,0.6485280755329368,0.6491876703676189,0.005401236621124563,1,74.65794100337267,1181,1.1193390969252428,11.45005633291039,0.7317441444289206,0.6598424968709415,3.323351
215,gbtree,0.4673906549568487,0.24684074339518336,0.0009373686418425823,8,10.786401450060058,1612,18.453795815606657,17.623234026513302,0.8687870576350465,0.8030958491747888,6.255062
216,gbtree,0.2708803437436938,0.5472154929391002,0.007298509421150036,3,42.68047970838256,1580,0.0030209611996562017,3.88464882499286,0.580149248466618,0.7746384448459117,5.816847
217,gbtree,0.8285212944641855,0.7089418917665862,0.39455506984397276,10,54.498502768347144,1474,0.0006222278578384632,0.28802443818939055,0.9498349985076683,0.7907892508881618,7.029004
218,gbtree,0.4676090309935457,0.48978835332183074,0.0024131777896393715,9,24.4284841479722,1682,0.0001498859033197505,0.001396852609163017,0.6789042034203899,0.8217320023701964,10.101112
219,gbtree,0.5437254501911482,0.407437407092619,0.0009629803813545916,5,120.46626412964825,1665,71.67750069496466,112.61633791708455,0.6385590746791115,0.6460102355293309,4.948926
220,gbtree,0.7823514455790122,0.26448121100569977,0.07783400062521832,8,17.95195649682486,380,0.2142357263472176,0.4179306435491206,0.5936401650534195,0.8293240313617289,2.259829
221,gbtree,0.7255641250137117,0.8011000688232366,0.05720360331256868,10,18.18996844926606,1462,261.9303006692101,0.0025926751083070543,0.36918112575201517,0.550681848173176,3.886005
222,gbtree,0.4175597809029048,0.3996369598796049,0.001038615433584433,4,116.09433172617166,123,12.445373948189198,0.49938909515421614,0.4462792628019295,0.6329727506924138,0.684684
223,gbtree,0.31139629689407616,0.9251499626755288,0.00017197005135261026,1,8.956956838830024,1556,0.37338261260468314,0.29280171463467336,0.6156783952550382,0.7914626932527973,4.311909
224,gbtree,0.9494579696264736,0.6481345467694736,0.17428246480823809,10,123.3510931451209,701,0.00022418792623461574,0.32565662257743144,0.2663675475816171,0.5761438117893621,2.23637
225,gbtree,0.6522642036572879,0.35847810620779214,0.04290036219118914,4,84.08017438720746,527,0.12961292061944046,679.2536452955522,0.985972817872935,0.6713059858004349,2.166312
226,gbtree,0.8804928462729102,0.4007733290722384,0.0018152770607647614,3,29.615250103806858,1221,0.5826331551645617,1.3814827557709841,0.33557183866595003,0.6881267575548403,4.781965
227,gbtree,0.26538027659742264,0.6348305738741169,0.12539342831803632,2,90.89505734818061,238,0.11881266225650806,0.8094270666343435,0.7921107274063628,0.6662374376107134,1.0672
228,gbtree,0.7207787737207634,0.5294124332676069,0.25495378228208887,11,59.71153624707711,340,0.4565093291905999,0.0023639518983955368,0.8874815286104965,0.7866614770827853,1.894158
229,gbtree,0.40689666791043105,0.36109102570877954,0.0802997524628032,1,100.85733132177221,1030,0.0012736772435759857,0.09578343092179079,0.5944299081977186,0.6582017218538394,3.053927
230,gbtree,0.39103696910523145,0.8964627400368055,0.007427779871571595,14,112.70689557884421,1516,0.10653359364860686,812.7143663537428,0.4036609556130344,0.5809682430203758,4.651912
231,gbtree,0.5982500064274322,0.6309614383621713,0.00012527334705496703,7,116.47096614441814,1547,0.0005100955405645839,8.723296383319378,0.298903443445369,0.5781039727811359,4.653839
232,gbtree,0.4297103664676605,0.618663704955793,0.002345825424519632,15,26.878340309216515,1646,20.867688107553324,2.9211926233813417,0.8317088881939956,0.8078121278891258,7.494787
233,gbtree,0.756719294535042,0.3263638582682784,0.07484015372111259,14,68.69466614025977,1273,20.999287026429712,0.07953715682235499,0.5469778544968411,0.6641744376436352,3.851442
234,gbtree,0.3473798713904209,0.361612534721992,0.18364637677021203,15,18.87036406219232,1716,99.54473774733617,8.42859747972757,0.4576783655333567,0.6476729532833468,4.490891
235,gbtree,0.6041654188613106,0.8428828283532281,0.003855417093613457,2,113.06687878773202,312,308.1155012884702,0.3210449742072451,0.7114735188023515,0.5724462666995308,1.263912
236,gbtree,0.32978672462598346,0.5419917503364922,0.02546172980023449,3,113.00482530468979,1969,0.0001215030710431864,2.283148195839142,0.7260034549404561,0.6617607042153948,6.432535
237,gbtree,0.8865416425257313,0.3499295552780658,0.03900810947314504,2,93.90005427322602,1060,31.28370844110132,1.7569626527208788,0.9176935397633517,0.6644410594047029,3.09991
238,gbtree,0.5953699578002399,0.4862386122603535,0.0013561507421591319,13,59.32668004099816,1424,36.053533045144846,0.1026238454541333,0.603375924199611,0.6567687627393357,5.101068
239,gbtree,0.4783531292657333,0.31357759180879513,0.03670432281791168,2,31.46401232000498,355,0.10508150752804755,31.11415578044702,0.8694836595310613,0.8155500002733012,1.539681
240,gbtree,0.7073137106365894,0.9832839504121236,0.01724336218632006,13,60.8534702595669,1306,0.0007033058627605841,11.404214373028573,0.5142812099572408,0.6674327685541233,5.474394
241,gbtree,0.8696329001943521,0.3817436456188119,0.029661406183167132,3,109.67863188103486,657,0.007477194383570802,7.1993197108808555,0.3022308611218043,0.5797053060020224,2.211964
242,gbtree,0.7225302324250265,0.4431571209925791,0.007024463750271612,4,5.2150480294281305,1392,197.39690209200995,168.74343813469454,0.47898300752254847,0.5777803704125007,4.024307
243,gbtree,0.6483525047843519,0.7365858495246673,0.06918861393370336,4,116.21376889964039,1535,0.0005554670625951689,0.48120846984589555,0.7487386776069964,0.6616071738757121,5.58452
244,gbtree,0.5380387426495556,0.2885764746610526,0.1300798381302743,6,125.05364172085373,926,0.0001914057105617381,27.505828106250114,0.6599861651408414,0.657190398582834,3.055557
245,gbtree,0.8439254214731509,0.8031695228774272,0.0010202609412967444,5,116.66781052877724,1837,0.00013207202678210212,598.2216721589829,0.8937562575993406,0.6512661218730599,6.729453
246,gbtree,0.7629487819686367,0.29006431232954966,0.0012523673247390376,5,111.83973762489825,1456,0.4243185783319881,0.0037949566664517076,0.8720459986441352,0.6568680213526766,5.691638
247,gbtree,0.4399352892055878,0.43779024616689377,0.00011083580574024428,5,76.99140050581536,491,9.689108148117,0.0019447197100633548,0.6015759740983794,0.6517464362941972,1.968453
248,gbtree,0.2631753297526629,0.34826414362297153,0.11746422130373022,9,114.32241726373583,1807,0.004045185001521803,58.54228534468066,0.7508535124198049,0.6605969985076041,5.148715
249,gbtree,0.8650988115085678,0.2509127274293139,0.012569128994253559,13,67.22360250853586,79,1.044019263862481,0.004893256507705959,0.9965781371434824,0.7658813450536823,0.71487
250,gbtree,0.613957081404033,0.6574178816386578,0.18902984287059857,13,112.63032033584795,196,0.07724203275396226,0.07974060506827936,0.7519001972035588,0.6615401011343596,1.038397
251,gbtree,0.7050460424735909,0.6856716629750033,0.06131418303720575,14,57.30926182615684,875,0.9329449045376376,16.43624622038771,0.7014425732613487,0.7000131729209358,4.088867
252,gbtree,0.960424842068963,0.7217794076363779,0.007007531587807882,6,62.93371771490058,482,1.0713469999723781,28.94432973598377,0.32816860210626075,0.6538500811283365,2.029399
253,gbtree,0.236518996401907,0.5779946840052108,0.019234493818896657,4,46.95534283705261,1017,0.0008698802518285169,0.045802148105466296,0.30319916210033004,0.6601250309963589,3.374711
254,gbtree,0.36559406275074147,0.4245465724127795,0.0015614633587032905,3,78.56906902662257,1944,0.2922975792920719,0.0010790331691368682,0.6115307935840619,0.6572854356221873,6.585748
255,gbtree,0.6576389146954407,0.8420685436638504,0.0006153171114420406,2,44.035302466021456,25,0.27518589747021227,0.057667740997830536,0.27754102187561586,0.6475621301028669,0.440727
256,gbtree,0.605929550974247,0.4761785142413537,0.0026919810352280236,10,15.457475971528378,1865,73.34912274961668,0.914701691166386,0.3153195750968286,0.6532821712230356,5.816661
257,gbtree,0.5288168602124366,0.5374625428310651,0.37686500756017366,5,51.11116160090109,1408,122.85907344126531,19.23959238843507,0.34861683992348624,0.577522776643227,3.85042
258,gbtree,0.7091210961467256,0.20125208415317833,0.0013013049728657368,15,105.29218188387877,1220,0.00022033377668810355,0.03512718289951727,0.867842788165971,0.6547037181071138,4.503715
259,gbtree,0.4952424174087333,0.5649892071644336,0.014959168152726623,2,49.747538146712394,128,0.0006486186026818294,0.32635234760378834,0.7649424351194551,0.78748528567982,0.793373
260,gbtree,0.7429359653380518,0.7348581173783313,0.00018020791731144915,6,120.59916537560348,1505,0.02680519202912433,3.6472434015434443,0.31013501056142756,0.5764474364790447,4.587871
261,gbtree,0.2964467331229522,0.7791784443728751,0.01955492341478887,10,111.95972137022582,30,113.44957303238589,0.002504165720131229,0.9349652106821775,0.6424396152950451,0.447844
262,gbtree,0.6617599093876407,0.5888003950380825,0.0003250771524896046,7,38.47016987207784,1073,0.0001965428475776402,0.005470408657153382,0.25877995804817805,0.6532692235198062,4.391317
263,gbtree,0.5439448619121185,0.7539942613353803,0.0017223023461580005,10,108.39175409971817,1122,3.2742719255685397,0.04490420847854955,0.7968801156620859,0.6583371364286211,4.571366
264,gbtree,0.9333081886729659,0.8860498701290271,0.06949793144127062,12,105.44764145587136,619,0.07791053625933897,0.0818843507526499,0.5848146373011867,0.6596766577462455,2.522576
265,gbtree,0.3334881613590023,0.4996423096160971,0.002172627820358258,11,88.42743734850139,1169,0.07736375801962675,0.007170754671142528,0.7008056251001747,0.656834080643949,4.544983
266,gbtree,0.47248333326503333,0.7095218539637946,0.0017614542314679364,1,83.0194430583835,1782,0.00030278504554220653,0.2869282895295064,0.36584481041749284,0.6487255238504137,4.772207
267,gbtree,0.5632012969568919,0.9904287729244736,0.027480786982179133,6,28.67235439038374,629,4.147798546082508,0.006971364739426427,0.7043344370895177,0.8237887270248425,3.850367
268,gbtree,0.22476463273547484,0.2311968100599293,0.0001256576452210453,15,49.79425254919663,976,0.04009663376194474,0.009123250903114897,0.6290913384328375,0.6811864078574741,3.678451
269,gbtree,0.9647350631642555,0.2929111681604205,0.05295741815706427,5,115.31056424309305,56,0.012778723278285374,214.00407042802811,0.593892256661418,0.6461525030092815,0.539934
270,gbtree,0.5084095237895379,0.5115855159219362,0.09502754401144643,5,123.0642066467643,1210,0.019219804848720358,1.7719262585276787,0.9880098724078482,0.6661370375961795,4.550399
271,gbtree,0.441866599481195,0.5523530802499392,0.009874201560248846,12,106.87354516607337,316,0.005494748718503371,0.014714415666330282,0.656278609307503,0.6547809733223111,1.434475
272,gbtree,0.6643740807949567,0.4778216312244061,0.0017120567792402767,15,71.82902093375557,124,0.0008588320576809749,0.4615964872868423,0.45268576909808744,0.6517200183919516,0.815367
273,gbtree,0.6555018889458262,0.6987247665275521,0.005768186844974337,15,112.79997479291373,1256,1.4594146894770212,0.016138852296760653,0.5513341004907432,0.6553028367242649,4.594873
274,gbtree,0.9275636887497936,0.9712230777324111,0.00013871888990155614,9,29.924216485107618,796,6.99928885984005,1.5860605847553406,0.60665952811512,0.7935712711683199,4.650421
275,gbtree,0.9016724648145511,0.4206140546010856,0.0002955408924671532,2,101.86475414377449,1742,215.69161487262355,0.007812244310718475,0.8428823457061637,0.5775728364289314,5.042412
276,gbtree,0.4286268444206962,0.5002639263356815,0.3416452499275347,13,75.76890331067762,931,0.0023092905608599473,37.22109524515033,0.61255557697986,0.6631394257847868,3.408459
277,gbtree,0.5260673668590536,0.9845914748667435,0.006944562437522934,9,110.92829749431813,779,35.64904058140508,38.651536943704365,0.6192441100008864,0.6530441490687822,2.955085
278,gbtree,0.8775750833656484,0.5513198533069987,0.2778044293009671,2,109.45316980333861,1151,98.17101611378027,0.0023699848057945195,0.40035588664630206,0.5900876270414758,3.106271
279,gbtree,0.5814747746542537,0.21529287554381124,0.0041197620500181345,10,118.65059105472102,1768,4.112565621652287,21.689110740662294,0.6328243667531741,0.6534323236589817,5.363013
280,gbtree,0.36856397109376254,0.42300789793164245,0.0003049603666251934,6,103.16352537529714,1388,265.3244259837223,0.0011302635199853333,0.4745466912787609,0.5703184975086137,3.683507
281,gbtree,0.8673156776005406,0.7902956148492242,0.027412643736820508,5,2.8180402637166173,1996,9.290824765964794,0.0071961751263233485,0.8713519745868378,0.8402616108756016,10.280588
282,gbtree,0.27088377117574325,0.6908832913899667,0.058844515288814625,12,108.43202283907198,1510,0.186907451350959,0.0029234522723251355,0.7439053867525411,0.6630008204664826,5.183479
283,gbtree,0.9581504207715767,0.8465881680073777,0.0029269951087289798,6,15.096758546496984,821,0.0003056263220705405,537.8872423194563,0.2995073831051812,0.7902750631192239,3.77905
284,gbtree,0.240180809171179,0.7656691818133585,0.001199647196231573,8,101.90347415032508,1050,0.00030840264502406573,0.2613603456331752,0.30764655645712263,0.58086260811829,3.225138
285,gbtree,0.9248888017059977,0.5240821556220532,0.0006871669645655849,13,119.01196281124544,597,0.014354942292902528,0.722140858714975,0.46075337418153517,0.6414983067774446,2.31543
286,gbtree,0.2983365427723101,0.7182539567924227,0.020278373921212116,10,46.442388682420706,460,91.67558137193332,1.0435270343296827,0.9842358363811067,0.6583811343899701,1.685013
287,gbtree,0.7711621060052718,0.3935453442524237,0.012891994596630351,2,87.69238709537211,904,33.00714703563269,66.64246388737126,0.7185878970920518,0.659079875842489,2.99828
288,gbtree,0.4274192743420134,0.5973563382543572,0.007476238679031381,12,35.468991316732726,1110,0.0007904795076754977,5.988887862959909,0.3571569710045588,0.6674658651894317,4.684785
289,gbtree,0.4209356462567196,0.2374815268220825,0.049735334770897366,1,65.91340068312819,118,5.537275227041948,0.002377594184041754,0.4881900964458375,0.6523284971602885,0.672199
290,gbtree,0.48818713504034233,0.2815139104528108,0.00010321898653106012,12,41.16630901562196,1681,0.006518408205055924,113.83384698423596,0.4351179019014267,0.6573380288350579,5.603438
291,gbtree,0.9712627331920867,0.5018544431705543,0.0694675676130406,7,116.56277926950779,633,0.00039725331018270377,13.246940908128256,0.918904108608051,0.6659138809394829,2.690352
292,gbtree,0.7704368405074551,0.333562470997759,0.0024907735935879812,11,1.554135245589254,993,2.957737569015907,625.583133042318,0.7245339090614507,0.8057830289692092,5.886386
293,gbtree,0.7153193771807327,0.8254590906759485,0.2659134663505604,5,14.381345125858772,1525,0.0002105198081129167,0.14464479003700909,0.7769053761511052,0.7978864987735333,8.165086
294,gbtree,0.4958506047897413,0.4949657366918362,0.006345632934681966,7,27.528105948655792,1914,0.00022452461700992265,40.309347774549394,0.5745468520147785,0.8127425066878414,9.098935
295,gbtree,0.9041253903371882,0.5778254433303853,0.09152532421402405,4,84.48389223560633,839,0.002801963400281959,11.664851164361714,0.8877610008399215,0.6718741381651387,3.511357
296,gbtree,0.7158660832178512,0.45250187501068,0.0011579602136926718,10,94.801877182806,1220,0.04477544688879133,19.021348373774515,0.35245067773837946,0.64514802107967,3.942511
297,gbtree,0.6126895221698625,0.2892097698570211,0.16091919252998288,6,8.377677914204423,406,0.006242398761574686,103.01046661924914,0.46555719734918477,0.8319221448503924,2.261429
298,gbtree,0.5942916675579573,0.5309141399349082,0.00232016839004041,1,16.7947866730648,39,0.05158091677153759,1.5332962392505376,0.5030091600768195,0.7867069062257708,0.470672
299,gbtree,0.4494910863335066,0.7420338139671625,0.00010857909038186896,15,66.91709957645269,1194,15.592548496901061,43.40391369543163,0.5980713695901279,0.6543325366794706,4.599947
